547989,"Abreu, Jose","CHW","@ lad",1,"F,2-1","H",1,4,4,2,,,,1,,,,,,,,,,,,,,,,,,,,,,,,,,,,,,"1B",,15-03-31
554429,"Ackley, Dustin","SEA","@ cle",1,"F,6-8","H",,1,1,1,,,1,1,,,,,,,,,,,,,,,,,,,,,,,,,,,,,,"PH-LF",,15-03-31
521309,"M, Acosta","TAM","@ bal",1,"F,4-3","H",,0,,,,,,,,,,,,,,,,,,,,,,,,,,,,,,,,,,,,"C",,15-03-31
571431,"Adams, Matt","STL","v mia",1,"F,2-3","H",1,3,2,,,,,,,,,,,,,,,1,,,,,,,,,,,,,,,,,,,,"1B",,15-03-31
605112,"T, Adams","TEX","v chc",1,"F,10-15","H",1,4,1,1,,,1,1,1,,,,,,,,,,,3,1,,,,,,,,,,,,,,,,,"1B",,15-03-31
542583,"Aguilar, Jesus","CLE","v sea",1,"F,8-6","H",,1,1,,,,,,,,,,,,,,,,,,,,,,,,,,,,,,,,,,,"PR-1B",,15-03-31
605113,"Ahmed, Nick","ARI","v tex",1,"F,8-7","H",1,4,1,,,,1,,,,,,,,,,,,,1,,,,,,,,,,,,,,,,,,"SS",,15-03-31
570489,"Alcantara, Arismendy","CHC","@ tex",1,"F,15-10","H",1,2,,,,,1,,,,,,,,,,,,,2,,,,,,,,,,,,,,,,,,"2B",,15-03-31
501659,"Almonte, Abraham","SDG","v kan",1,"F,1-4","H",,1,,,,,,,,,,,,,,,,,,,,,,,,,,,,,,,,,,,,"RF",,15-03-31
623393,"J, Almonte","TOR","v phi",1,"F,10-6","H",,1,,,,,,,,,,1,,,,,,,,1,,,,,,,,,,,,,,,,,,"PR-DH",,15-03-31
475174,"Alonso, Yonder","SDG","v kan",1,"F,1-4","H",1,4,1,,,,,,,,,1,,,,,,,,,,,,,,,,,,,,,,,,,,"1B",,15-03-31
514888,"Altuve, Jose","HOU","@ atl",1,"F,8-5","H",1,4,3,1,,,1,,,,,,,,,,,,,,,,,,,,,,,,,,,,,,,"2B",,15-03-31
506560,"Amarista, Alexi","SDG","v kan",1,"F,1-4","H",1,3,1,,,,,,,,,,,,,,,,,3,,,,,,,,,,,,,,,,,,"SS",,15-03-31
641313,"Anderson","CHW","@ lad",1,"F,2-1","H",,0,,,,,,,,,,,,,,,,,,,,,,,,,,,,,,,,,,,,"SS",,15-03-31
457762,"B, Anderson","OAK","@ laa",1,"F,13-10","H",1,5,1,,1,,1,2,,,,,,,,,,,,3,,,,,,,,,,,,,,,,,,"DH",,15-03-31
493114,"Aoki, Nori","SFO","v col",1,"F,4-3","H",1,4,1,,,,,,,,,,,,,,,,,,,,,,,,,,,,,,,,,,,"LF",,15-03-31
593755,"Araiza","TAM","v bos",1,"F,8-11","H",,1,,,,,,,,,,1,,,,,,,,1,,,,,,,,,,,,,,,,,,"C",,15-03-31
571448,"Arenado, Nolan","COL","@ sfo",1,"F,3-4","H",1,5,1,,,1,1,3,,,,,,,,,,,,3,,,,,,,,,,,,,,,,,,"3B",,15-03-31
435078,"Arias, Joaquin","SFO","v col",1,"F,4-3","H",,1,,,,,,,,,,,,,,,,,,2,,,,,,,,,,,,,,,,,,"PH-3B",,15-03-31
502213,"Ashley","MIL","v cin",1,"F,4-10","H",,1,,,,,,,,,,,,,,,,,,1,,,,,,,,,,,,,,,,,,"PH",,15-03-31
488671,"Avila, Alex","DET","v pit",1,"F,3-7","H",1,2,,,,,,,1,,,,,,,,,,,,,,,,,,,,,,,,,,,,,"C",,15-03-31
430947,"Aybar, Erick","LAA","v oak",1,"F,10-13","H",1,2,1,,,,,,,,,,,,,,,,,,,,,,,,,,,,,,,,,,,"SS",,15-03-31
425557,"Baker, Jeff","MIA","@ stl",1,"F,3-2","H",,1,,,,,,,,,,1,,,,,,,,2,,,,,,,,,,,,,,,,,,"PH-2B",,15-03-31
488681,"Barnes, Brandon","COL","@ sfo",1,"F,3-4","H",1,3,2,,,,,,1,,,,1,,,,,,,,,,,,,,,,,,,,,,,,,"LF",,15-03-31
446381,"Barney, Darwin","LAD","v chw",1,"F,1-2","H",,1,,,,,,,,,,1,,,,,,,,,,,,,,,,,,,,,,,,,,"SS",,15-03-31
621572,"Barnum","CHW","@ lad",1,"F,2-1","H",1,4,,,,,,,,,,,,,,,,,,4,,,,,,,,,,,,,,,,,,"DH",,15-03-31
621007,"Basto","CHW","@ lad",1,"F,2-1","H",,0,,,,,,,,,,,,,,,,,,,,,,,,,,,,,,,,,,,,"1B",,15-03-31
430832,"Bautista, Jose","TOR","v phi",1,"F,10-6","H",1,3,1,,,1,2,1,1,,,1,,,,,,,,1,,,,,,,,,,,,,,,,,,"RF",,15-03-31
542921,"Beckham, Tim","TAM","v bos",1,"F,8-11","H",1,3,1,,,,2,,,,,,,,,,,2,,,,,,,,,,,,,,,,,,,,"2B",,15-03-31
474832,"Belt, Brandon","SFO","v col",1,"F,4-3","H",1,4,2,,,,1,,,,,1,,,,,,,,1,,,,,,,,,,,,,,,,,,"1B",,15-03-31
134181,"Beltre, Adrian","TEX","v chc",1,"F,10-15","H",1,2,,,,,,1,,,,1,,,,,1,,,1,,,,,,,,,,,,,,,,,,"3B",,15-03-31
520976,"E, Beltre","CHW","@ lad",1,"F,2-1","H",,0,,,,,,,,,,,,,,,,,,,,,,,,,,,,,,,,,,,,"RF",,15-03-31
621532,"Bemboom","LAA","v oak",1,"F,10-13","H",,0,,,,,,,,,,,,,,,,,,,,,,,,,,,,,,,,,,,,"PR",,15-03-31
501994,"Benson","ATL","v hou",1,"F,5-8","H",,2,1,,,,,,,,,1,,,,,,,,,,,,,,,,,,,,,,,,,,"CF",,15-03-31
592144,"Bernard, Wynton","DET","v pit",1,"F,3-7","H",,1,,,,,,,,,,1,,,,,,,,,,,,,,,,,,,,,,,,,,"CF",,15-03-31
448674,"Bernier","MIN","v nyy",1,"F,3-1","H",1,3,,,,,,,,,,1,,,,,,,,2,,,,,,,,,,,,,,,,,,"2B",,15-03-31
450641,"Berry","BOS","@ tam",1,"F,11-8","H",1,4,,,,,1,2,1,,,,,,,,,,,4,,,,,,,,,,,,,,,,,,"DH",,15-03-31
621598,"J, Betancourt","DET","v pit",1,"F,3-7","H",,0,,,,,1,,1,,,,,,,,,,,,,,,,,,,,,,,,,,,,,"2B",,15-03-31
595885,"Bird","NYY","@ min",1,"F,1-3","H",,1,,,,,,,,,,,,,,,,,,,,,,,,,,,,,,,,,,,,"1B",,15-03-31
571494,"Da, Black","MIA","@ stl",1,"F,3-2","H",,0,,,,,,,1,,,,,,,,,,,,,,,,,,,,,,,,,,,,,"2B-C",,15-03-31
453568,"Blackmon, Charlie","COL","@ sfo",1,"F,3-4","H",1,3,,,,,1,,1,,,1,,,,,,,,2,,,,,,,,,,,,,,,,,,"CF",,15-03-31
608631,"Blair","TAM","@ bal",1,"F,4-3","H",,0,,,,,,,,,,,,,,,,,,,,,,,,,,,,,,,,,,,,"SS",,15-03-31
433217,"Blanco","PHI","@ tor",1,"F,6-10","H",1,3,1,,,,,2,1,,,,,,,,,,,2,,,,,,,,,,,,,,,,,,"2B",,15-03-31
453923,"Blanco, Gregor","SFO","v col",1,"F,4-3","H",1,0,,,,,,,,,,,,,,,,,,,,,,,,,,,,,,,,,,,,"RF",,15-03-31
607468,"Blandino","CIN","@ mil",1,"F,10-4","H",,1,,,,,,,,,,,,,,,,,,2,,,,,,,,,,,,,,,,,,"PH",,15-03-31
217100,"Bloomquist, Willie","SEA","@ cle",1,"F,6-8","H",1,4,,,,,,,,,,,,,,,,,,2,1,,,,,,,,,,,,,,,,,"2B",,15-03-31
468381,"Bonilla","SEA","@ cle",1,"F,6-8","H",,0,,,,,1,,,,,,,,,,,,,,,,,,,,,,,,,,,,,,,"PR-3B",,15-03-31
474865,"Borbon","BAL","v tam",1,"F,3-4","H",,1,,,,,,,,,,,,,,,,,,,,,,,,,,,,,,,,,,,,"CF",,15-03-31
488721,"Bourjos, Peter","STL","v mia",1,"F,2-3","H",,1,,,,,,,,,,,,,,,,,,,,,,,,,,,,,,,,,,,,"PR-LF-CF",,15-03-31
456422,"Bourn, Michael","CLE","v sea",1,"F,8-6","H",1,4,2,1,,,2,1,,,,1,,,,,,,,2,,,,,,,,,,,,,,,,,,"CF",,15-03-31
598265,"Bradley Jr, Jackie","BOS","@ tam",1,"F,11-8","H",1,3,1,,,,2,,1,,1,,,,,,,1,,2,,,,,,,,,,,,,,,,,,"CF",,15-03-31
488726,"Brantley, Michael","CLE","v sea",1,"F,8-6","H",1,3,2,,,,2,1,,,1,,,,,,,,,1,,,,,,,,,,,,,,,,,,"LF",,15-03-31
460075,"Braun, Ryan","MIL","v cin",1,"F,4-10","H",1,2,1,,,,1,1,,,1,1,,,,,,,,1,,,,,,,,,,,,,,,,,,"RF",,15-03-31
446395,"C, Brown","TAM","@ bal",1,"F,4-3","H",1,2,,,,,,,2,,,,,1,,,,,,3,,,,,,,,,,,,,,,,,,"DH",,15-03-31
592174,"K, Brown","PIT","@ det",1,"F,7-3","H",,1,,,,,,,,,,,,,,,,,,,,,,,,,,,,,,,,,,,,"PH",,15-03-31
457803,"Bruce, Jay","CIN","@ mil",1,"F,10-4","H",1,3,2,,,1,2,3,,,,,,,,,,,,,,,,,,,,,,,,,,,,,,"RF",,15-03-31
571529,"Burg","TEX","v chc",1,"F,10-15","H",,1,,,,,,,,,,1,,,,,,,,,,,,,,,,,,,,,,,,,,"RF",,15-03-31
542993,"Burns, Billy","OAK","@ laa",1,"F,13-10","H",1,4,1,,,,,1,,,,1,,1,,,,,,2,,,,,,,,,,,,,,,,,,"LF",,15-03-31
542994,"Jy, Butler","TAM","v bos",1,"F,8-11","H",1,3,,,,,,,,,,2,,,,,,,,3,,,,,,,,,,,,,,,,,,"LF",,15-03-31
407781,"Byrd, Marlon","CIN","@ mil",1,"F,10-4","H",1,2,1,,,,1,,,,1,1,,,,,,,,1,,,,,,,,,,,,,,,,,,"LF",,15-03-31
452678,"Cabrera, Asdrubal","TAM","@ bal",1,"F,4-3","H",1,4,2,1,,,,1,,,,,,,,,,,,2,,,,,,,,,,,,,,,,,,"SS",,15-03-31
465784,"Cabrera, Everth","BAL","v tam",1,"F,3-4","H",1,4,,,,,,,,,,,1,,,,,,,4,,,,,,,,,,,,,,,,,,"SS",,15-03-31
408234,"Cabrera, Miguel","DET","v pit",1,"F,3-7","H",1,2,,,,,,,1,,,,,,,,,,,,,,,,,,,,,,,,,,,,,"1B",,15-03-31
466320,"Cabrera, Melky","CHW","@ lad",1,"F,2-1","H",1,3,,,,,,1,,,,,,,,,1,,,,,,,,,,,,,,,,,,,,,"LF",,15-03-31
456715,"Cain, Lorenzo","KAN","@ sdg",1,"F,4-1","H",1,4,2,,,,,,,,,1,,1,,,,,,2,,,,,,,,,,,,,,,,,,"CF",,15-03-31
594777,"Calhoun, Kole","LAA","v oak",1,"F,10-13","H",1,2,1,,,1,1,1,,,,,,,,,,,,,,,,,,,,,,,,,,,,,,"RF",,15-03-31
430948,"Callaspo, Alberto","ATL","v hou",1,"F,5-8","H",1,4,1,,,,,1,,,,,,,,,,,,3,,,,,,,,,,,,,,,,,,"3B",,15-03-31
493472,"Campbell, Eric","NYM","@ was",1,"F,2-0","H",1,4,1,,,,,,,,,2,,,,,,,,2,,,,,,,,,,,,,,,,,,"LF-1B",,15-03-31
592192,"Canha, Mark","OAK","@ laa",1,"F,13-10","H",1,4,2,,,1,1,3,,,,,,,,,,,,2,,,,,,,,,,,,,,,,,,"1B",,15-03-31
429664,"Cano, Robinson","SEA","@ cle",1,"F,6-8","H",1,4,2,1,,,1,,,,,1,,,,,,,,1,,,,,,,,,,,,,,,,,,"DH",,15-03-31
606580,"Cardona","TEX","v chc",1,"F,10-15","H",,2,1,,,,,,,,,,,,,,,,,2,,,,,,,,,,,,,,,,,,"CF",,15-03-31
450192,"Carlin","OAK","@ laa",1,"F,13-10","H",1,3,2,,,1,2,2,1,,,,,,,,,,,,,,,,,,,,,,,,,,,,,"C",,15-03-31
572761,"Carpenter, Matt","STL","v mia",1,"F,2-3","H",1,2,,,,,,,1,,,,,,,,,,,,,,,,,,,,,,,,,,,,,"3B",,15-03-31
543002,"Carrithers","OAK","@ laa",1,"F,13-10","H",,1,,,,,,,,,,1,,,,,,,,1,,,,,,,,,,,,,,,,,,"3B",,15-03-31
474892,"Carter, Chris","HOU","@ atl",1,"F,8-5","H",1,2,,,,,,,1,,,2,,,,,,,,2,,,,,,,,,,,,,,,,,,"DH",,15-03-31
592206,"Castellanos, Nick","DET","v pit",1,"F,3-7","H",1,2,,,,,,1,,,,,,,,,1,,,,,,,,,,,,,,,,,,,,,"3B",,15-03-31
628329,"Castillo, Rusney","BOS","@ tam",1,"F,11-8","H",1,6,3,,,,1,,,,,,,1,,,,1,,2,,,,,,,,,,,,,,,,,,"RF",,15-03-31
456078,"Castillo, Welington","CHC","@ tex",1,"F,15-10","H",1,3,,,,,,,,,,1,,,,,,,,1,,,,,,,,,,,,,,,,,,"C",,15-03-31
516770,"Castro, Starlin","CHC","@ tex",1,"F,15-10","H",1,3,,,,,,,,,,1,,,,,,,,2,,,,,,,,,,,,,,,,,,"SS",,15-03-31
518542,"Centeno, Juan","MIL","v cin",1,"F,4-10","H",,1,,,,,,,,,,,,,,,,,,1,,,,,,,,,,,,,,,,,,"C",,15-03-31
465041,"Cervelli, Francisco","PIT","@ det",1,"F,7-3","H",1,3,2,,,1,2,3,,,,1,,,,,,,,,,,,,,,,,,1,,,,,,,,"C",,15-03-31
493316,"Cespedes, Yoenis","DET","v pit",1,"F,3-7","H",1,3,1,,1,,1,,,,,1,,,,,,,,,,,,,,,,,,,,,,,,,,"LF",,15-03-31
644374,"Chang","CLE","v sea",1,"F,8-6","H",,1,,,,,,,,,,1,,,,,,1,,1,,,,,,,,,,,,,,,,,,"SS",,15-03-31
607495,"Chester","BOS","@ tam",1,"F,11-8","H",,1,1,,,,1,1,,,,,,,,,,,,,,,,,,,,,,,,,,,,,,"PR-1B",,15-03-31
455139,"Chirinos, Robinson","TEX","v chc",1,"F,10-15","H",1,2,,,,,1,,1,,,1,,,,,,,,1,,,,,,,,,,,,,,,,,,"C",,15-03-31
502082,"Chisenhall, Lonnie","CLE","v sea",1,"F,8-6","H",1,4,,,,,,,,,,1,,,,,,,,3,1,,,,,,,,,,,,,,,,,"3B",,15-03-31
425783,"Choo, Shin-Soo","TEX","v chc",1,"F,10-15","H",1,3,1,,1,,1,1,1,,,1,,,,,,,,1,,,,,,,,,,,,,,,,,,"RF",,15-03-31
621478,"Christensen","MIN","v nyy",1,"F,3-1","H",,1,,,,,,,,,,,,,,,,,,,,,,,,,,,,,,,,,,,,"PR-RF",,15-03-31
465674,"Ciriaco","ATL","v hou",1,"F,5-8","H",,1,,,,,,,,,,1,,,,,,,,1,,,,,,,,,,,,,,,,,,"SS",,15-03-31
518558,"Clark, Matt","MIL","v cin",1,"F,4-10","H",,1,,,,,,,,,,1,,,,,,,,,,,,,,,,,,,,,,,,,,"PH",,15-03-31
502182,"Clevenger, Steve","BAL","v tam",1,"F,3-4","H",,1,1,1,,,,,,,,,,,,,,,,,,,,,,,,,,,,,,,,,,"C",,15-03-31
656315,"Cogswell","OAK","@ laa",1,"F,13-10","H",,0,,,,,1,,1,,,,,,,,,1,,,,,,,,,,,,,,,,,,,,"2B",,15-03-31
518568,"Colon, Christian","KAN","@ sdg",1,"F,4-1","H",,1,,,,,,,,,,,,,,,,,,,,,,,,,,,,,,,,,,,,"2B",,15-03-31
543044,"Cone","TEX","@ ari",1,"F,7-8","H",,1,,,,,,,,,,,,,,,,,,2,,,,,,,,,,,,,,,,,,"LF",,15-03-31
474233,"Conger, Hank","HOU","@ atl",1,"F,8-5","H",1,4,1,,,,,,,,,2,,,,,,,,1,,,,,,,,,,,,,,,,,,"C",,15-03-31
575929,"Contreras","CHC","@ tex",1,"F,15-10","H",,2,1,,1,,1,2,,,,,,,,,,,,,,,,,,,,,,,,,,,,,,"C",,15-03-31
449786,"Corporan, Carlos","TEX","v chc",1,"F,10-15","H",,2,2,1,,1,1,3,,,,,,,,,,,,,,,,,,,,,,,,,,,,,,"PH-C",,15-03-31
518577,"Cowgill, Collin","LAA","v oak",1,"F,10-13","H",1,3,1,,,1,1,1,1,,,1,,,,,,,,1,,,,,,,,,,,,,,,,,,"LF-CF",,15-03-31
621562,"Coyle","TAM","@ bal",1,"F,4-3","H",,0,,,,,,,,,,,,,,,,,,,,,,,,,,,,,,,,,,,,"2B",,15-03-31
446359,"Cozart, Zack","CIN","@ mil",1,"F,10-4","H",1,5,3,1,,,2,2,,,,2,,,,,,,,2,,,,,,,,,,,,,,,,,,"SS",,15-03-31
501800,"Craig, Allen","BOS","@ tam",1,"F,11-8","H",1,3,,,,,,,1,,,1,,,,,,,,3,,,,,,,,,,,,,,,,,,"1B",,15-03-31
543063,"Crawford, Brandon","SFO","v col",1,"F,4-3","H",1,4,,,,,,,,,,1,,,,,,1,,2,,,,,,,,,,,,,,,,,,"SS",,15-03-31
408307,"Crawford, Carl","LAD","v chw",1,"F,1-2","H",1,2,,,,,,,1,,,1,,,,,,,,2,,,,,,,,,,,,,,,,,,"LF",,15-03-31
543068,"Cron, C.J.","LAA","v oak",1,"F,10-13","H",1,4,1,,,,,1,1,,,,,,,,,,,2,,,,,,,,,,,,,,,,,,"1B",,15-03-31
443558,"Cruz, Nelson","SEA","@ cle",1,"F,6-8","H",1,4,2,,,1,1,2,,,,1,,,,,,,,3,,,,,,,,,,,,,,,,,,"RF",,15-03-31
592239,"Cunningham, Todd","ATL","v hou",1,"F,5-8","H",,1,,,,,1,,1,,,,,,,,,,,,,,,,,,,,,,,,,,,,,"PR-RF",,15-03-31
621575,"Curletta","LAD","v chw",1,"F,1-2","H",,1,,,,,,,,,,,,,,,,,,,,,,,,,,,,,,,,,,,,"RF",,15-03-31
543079,"Curtis","CIN","@ mil",1,"F,10-4","H",,1,,,,,,,,,,,,,,,,,,1,,,,,,,,,,,,,,,,,,"PH",,15-03-31
621311,"Dahl","COL","@ sfo",1,"F,3-4","H",,1,1,,,,,,,,,,,,,,,,,,,,,,,,,,,,,,,,,,,"CF",,15-03-31
571601,"Darvill","CHC","@ tex",1,"F,15-10","H",,2,1,,,1,2,2,,,,,,,,,,,,1,,,,,,,,,,,,,,,,,,"2B-3B-2B",,15-03-31
448801,"Davis, Chris","BAL","v tam",1,"F,3-4","H",1,3,1,1,,,,1,,,,1,,,,,,,,1,1,,,,,,,,,,,,,,,,,"1B",,15-03-31
501981,"Davis, Khris","MIL","v cin",1,"F,4-10","H",1,3,1,,,,,1,,,,,,,,,,,,,,,,,,,,,,,,,,,,,,"LF",,15-03-31
434658,"Davis, Rajai","DET","v pit",1,"F,3-7","H",1,2,1,,,,,,,,,,2,1,1,,,,,,,,,,,,,,,,,,,,,,,"RF",,15-03-31
430203,"DeJesus, David","TAM","@ bal",1,"F,4-3","H",1,4,1,,,1,1,1,,,,,,,,,,,,1,,,,,,,,,,,,,,,,,,"RF",,15-03-31
592261,"DeShields_Jr., Delino","TEX","@ ari",1,"F,7-8","H",1,4,2,,,,2,2,,,,1,,,,,,,,2,,,,,,,,,,,,,,,,,,"CF",,15-03-31
518614,"Descalso, Daniel","COL","@ sfo",1,"F,3-4","H",,1,,,,,,,,,,,,,,,,,,,,,,,,,,,,,,,,,,,,"2B",,15-03-31
435622,"Desmond, Ian","WAS","v nym",1,"F,0-2","H",1,2,,,,,,,1,,,1,,,,,,1,,,,,,,,,,,,,,,,,,,,"SS",,15-03-31
469810,"A, Diaz","MIN","v nyy",1,"F,3-1","H",,0,,,,,,,,,,,,,,,,,,,,,,,,,,,,,,,,,,,,"SS",,15-03-31
502409,"J, Diaz","TOR","v phi",1,"F,10-6","H",,0,,,,,,,1,,,,,,,,,,,,,,,,,,,,,,,,,,,,,"PR-CF",,15-03-31
458689,"C, Dominguez","CIN","@ mil",1,"F,10-4","H",,2,,,,,,,,,,1,,,,,,,,,,,,,,,,,,,,,,,,,,"3B",,15-03-31
518626,"Donaldson, Josh","TOR","v phi",1,"F,10-6","H",1,2,1,,,1,1,1,2,,,1,,,,,,,,1,,,,,,,,,,,,,,,,,,"3B",,15-03-31
446263,"Duda, Lucas","NYM","@ was",1,"F,2-0","H",1,2,1,,,,,,,,,,,,,,,,,1,1,,,,,,,,,,,,,,,,,"1B",,15-03-31
622110,"Duffy, Matt","SFO","v col",1,"F,4-3","H",1,3,1,,,,,1,1,,,,,,,,,,,3,,,,,,,,,,,,,,,,,,"2B",,15-03-31
605214,"Dugas","NYY","@ min",1,"F,1-3","H",,1,1,,,,,,,,,,,,,,,,,,,,,,,,,,,,,,,,,,,"LF",,15-03-31
502481,"Dyson, Jarrod","KAN","@ sdg",1,"F,4-1","H",1,2,,,,,,1,,,,,,1,,,,,,3,,,,,,,,,,,,,,,,,,"RF",,15-03-31
518653,"Elmore","TAM","v bos",1,"F,8-11","H",1,4,,,,,1,,,,,,,,,,,,,2,,,,,,,,,,,,,,,,,,"3B",,15-03-31
429665,"Encarnacion, Edwin","TOR","v phi",1,"F,10-6","H",1,3,1,,,1,1,2,1,,,,,,,,,,,,,,,,,,,,,,,,,,,,,"1B",,15-03-31
444876,"Escobar, Alcides","KAN","@ sdg",1,"F,4-1","H",1,3,,,,,1,,1,,,,,,,,,,,,,,,,,,,,,,,,,,,,,"SS",,15-03-31
500871,"Escobar, Eduardo","MIN","v nyy",1,"F,3-1","H",1,4,2,1,,1,2,1,,,,,,,,,,,,1,,,,,,,,,,,,,,,,,,"SS",,15-03-31
488862,"Escobar, Yunel","WAS","v nym",1,"F,0-2","H",1,3,,,,,,,,,,,,,,,,,,2,1,,,,,,,,,,,,,,,,,"3B",,15-03-31
457787,"Espinosa, Danny","WAS","v nym",1,"F,0-2","H",1,3,,,,,,,,,,,,,,,,,,,,,,,,,,,,,,,,,,,,"2B",,15-03-31
444843,"Ethier, Andre","LAD","v chw",1,"F,1-2","H",1,0,,,,,,,,,1,,,,,,,,,,,,,,,,,,,,,,,,,,,"CF",,15-03-31
605227,"Featherston, Taylor","LAA","v oak",1,"F,10-13","H",,2,,,,,2,,,,1,,,,,,,,,,,,,,,,,,,,,,,,,,,"PH-3B-2B",,15-03-31
608654,"Field","TAM","v bos",1,"F,8-11","H",,1,1,1,,,1,1,,,,,,,,,,,,,,,,,,,,,,,,,,,,,,"LF",,15-03-31
474494,"Field","TEX","v chc",1,"F,10-15","H",1,4,1,,,,1,1,,,,1,,,,1,,1,,3,,,,,,,,,,,,,,,,,,"2B",,15-03-31
425902,"Fielder, Prince","TEX","v chc",1,"F,10-15","H",1,3,2,,,,,,,,,,,,,,,,,2,,,,,,,,,,,,,,,,,,"DH",,15-03-31
639658,"Fiorito","NYY","@ min",1,"F,1-3","H",,1,1,,,,,,,,,,,,,,,,,,,,,,,,,,,,,,,,,,,"3B",,15-03-31
475247,"Flaherty, Ryan","BAL","v tam",1,"F,3-4","H",,1,,,,,,,,,,1,,,,,,,,1,,,,,,,,,,,,,,,,,,"1B",,15-03-31
435520,"Je, Flores","ATL","v hou",1,"F,5-8","H",,1,,,,,,,,,,1,,,,,,,,1,,,,,,,,,,,,,,,,,,"PH",,15-03-31
570717,"Flores, Ramon","NYY","@ min",1,"F,1-3","H",1,4,2,,,,,1,,,,2,,,,,,,,1,,,,,,,,,,,,,,,,,,"RF",,15-03-31
527038,"Flores, Wilmer","NYM","@ was",1,"F,2-0","H",1,3,,,,,,,,,,,,,,,,,,1,,,,,,,,,,,,,,,,,,"SS",,15-03-31
465753,"Florimon, Pedro","PIT","@ det",1,"F,7-3","H",,0,,,,,,,,,,,,,,,,,,,,,,,,,,,,,,,,,,,,"2B",,15-03-31
545337,"Fontana","HOU","@ atl",1,"F,8-5","H",,1,,,,,,,,,,1,,,,,,,,1,,,,,,,,,,,,,,,,,,"2B",,15-03-31
452096,"D, Ford","SFO","v col",1,"F,4-3","H",,0,,,,,1,,,,,,1,,,,,,,,,,,,,,,,,,,,,,,,,"PR-CF",,15-03-31
523253,"Forsythe, Logan","TAM","@ bal",1,"F,4-3","H",1,4,1,1,,,,1,,,,,,,,,,,,1,,,,,,,,,,,,,,,,,,"2B",,15-03-31
451594,"Fowler, Dexter","CHC","@ tex",1,"F,15-10","H",1,2,1,,,,1,,1,,,1,,,,,,,,,,,,,,,,,,,,,,,,,,"CF",,15-03-31
464433,"J, Francisco","TAM","v bos",1,"F,8-11","H",1,5,1,,,,,,,,,1,,,,,,,,2,,,,,,,,,,,,,,,,,,"1B",,15-03-31
435623,"Frandsen, Kevin","WAS","v nym",1,"F,0-2","H",,0,,,,,,,,,,,,,,,,,,,,,,,,,,,,,,,,,,,,"2B",,15-03-31
643310,"Fransoso","PIT","@ det",1,"F,7-3","H",,1,,,,,,,,,,1,,,,,,,,,,,,,,,,,,,,,,,,,,"3B",,15-03-31
453943,"Frazier, Todd","CIN","@ mil",1,"F,10-4","H",1,3,,,,,1,,1,,,,,,,,,,,4,,,,,,,,,,,,,,,,,,"3B",,15-03-31
518692,"Freeman, Freddie","ATL","v hou",1,"F,5-8","H",1,2,1,1,,,1,,1,,,1,,,,,,,,2,,,,,,,,,,,,,,,,,,"1B",,15-03-31
501896,"Freese, David","LAA","v oak",1,"F,10-13","H",1,2,1,,,1,1,2,,,,,,,,,,,,1,,,,,,,,,,,,,,,,,,"3B",,15-03-31
518700,"Fryer","MIN","v nyy",1,"F,3-1","H",1,3,1,,,,,1,,,,1,,,,,,,,1,,,,,,,,,,,,,,,,,,"C",,15-03-31
453539,"Fuld, Sam","OAK","@ laa",1,"F,13-10","H",1,4,1,,,,1,,,,,1,,,,,,,,2,,,,,,,,,,,,,,,,,,"CF",,15-03-31
596817,"Gallas","CLE","v sea",1,"F,8-6","H",,1,,,,,,,,,,1,,,,,,,,,,,,,,,,,,,,,,,,,,"LF",,15-03-31
520471,"Galvis, Freddy","PHI","@ tor",1,"F,6-10","H",1,4,1,1,,,1,,1,,,1,,,,,,,,1,,,,,,,,,,,,,,,,,,"SS",,15-03-31
541645,"Garcia, Avisail","CHW","@ lad",1,"F,2-1","H",1,4,1,,,,,,,,,1,,,,,,,,1,,,,,,,,,,,,,,,,,,"RF",,15-03-31
458731,"Gardner, Brett","NYY","@ min",1,"F,1-3","H",1,2,1,,,,,,1,,,,,1,1,,,,,,,,,,,,,,,,,,,,,,,"LF",,15-03-31
571697,"Gennett, Scooter","MIL","v cin",1,"F,4-10","H",1,3,,,,,,,,,,1,,,,,,,,2,1,,,,,,,,,,,,,,,,,"2B",,15-03-31
502226,"Gentry, Craig","OAK","@ laa",1,"F,13-10","H",1,4,1,,,,1,2,,,,1,,,,,,,,,,,,,,,,,,,,,,,,,,"RF",,15-03-31
543213,"Giavotella, Johnny","LAA","v oak",1,"F,10-13","H",1,3,1,1,,,1,1,1,,,,,,,,,1,,,,,,,,,,,,,,,,,,,,"2B",,15-03-31
543216,"Gillaspie, Conor","CHW","@ lad",1,"F,2-1","H",1,2,,,,,,,1,,,,,,,,,,,2,,,,,,,,,,,,,,,,,,"3B",,15-03-31
460269,"Gimenez","TEX","@ ari",1,"F,7-8","H",1,4,1,1,,,1,,,,,2,,,,,,,,2,,,,,,,,,,,,,,,,,,"C",,15-03-31
595963,"Goeddel","TAM","@ bal",1,"F,4-3","H",,1,,,,,,,,,,,,,,,,,,,,,,,,,,,,,,,,,,,,"LF",,15-03-31
572365,"Goins, Ryan","TOR","v phi",1,"F,10-6","H",,1,,,,,,,,,,,,,,,,,,,,,,,,,,,,,,,,,,,,"SS",,15-03-31
502671,"Goldschmidt, Paul","ARI","v tex",1,"F,8-7","H",1,5,3,,,1,1,1,,,,,,,,,,,,2,,,,,,,,,,,,,,,,,,"1B",,15-03-31
543228,"Gomes, Yan","CLE","v sea",1,"F,8-6","H",1,3,,,,,,,1,,,2,,,,,,,,4,,,,,,,,,,,,,,,,,,"DH",,15-03-31
460576,"Gomez, Carlos","MIL","v cin",1,"F,4-10","H",1,2,,,,,1,,1,,,1,,,,,,1,,2,,,,,,,,,,,,,,,,,,"CF",,15-03-31
467143,"Gomez, Hector","MIL","v cin",1,"F,4-10","H",,1,,,,,,,,,,1,,,,,,,,,,,,,,,,,,,,,,,,,,"SS",,15-03-31
408236,"Gonzalez, Adrian","LAD","v chw",1,"F,1-2","H",1,3,,,,,,,,,,,,,,,,,,1,,,,,,,,,,,,,,,,,,"1B",,15-03-31
471865,"Gonzalez, Carlos","COL","@ sfo",1,"F,3-4","H",1,4,1,,,,,,,,,1,,,,,,,,5,,,,,,,,,,,,,,,,,,"RF",,15-03-31
503556,"Gonzalez, Marwin","HOU","@ atl",1,"F,8-5","H",,1,,,,,,,,,,1,,,,,,,,1,,,,,,,,,,,,,,,,,,"1B",,15-03-31
460086,"Gordon, Alex","KAN","@ sdg",1,"F,4-1","H",1,4,1,,,,1,,,,,3,1,,,,,,,,,,,,,,,,,,,,,,,,,"LF",,15-03-31
543829,"Gordon, Dee","MIA","@ stl",1,"F,3-2","H",1,4,2,,,,1,,,,,,,,,,,,,3,1,,,,,,,,,,,,,,,,,"2B",,15-03-31
543238,"Gose, Anthony","DET","v pit",1,"F,3-7","H",1,3,1,,,,,,,,,1,,1,,,,,,2,,,,,,,,,,,,,,,,,,"CF",,15-03-31
594838,"Gosselin, Phil","ATL","v hou",1,"F,5-8","H",1,4,,,,,,,,,,1,,,,,,1,,5,,,,,,,,,,,,,,,,,,"SS-1B",,15-03-31
657598,"Gotta","TAM","@ bal",1,"F,4-3","H",,0,,,,,,,,,,,,,,,,,,,,,,,,,,,,,,,,,,,,"RF",,15-03-31
518735,"Grandal, Yasmani","LAD","v chw",1,"F,1-2","H",1,2,1,1,,,,,1,,,1,,,,,,,,,,,,,,,,,,,,,,,,,,"C",,15-03-31
502205,"Green, Grant","LAA","v oak",1,"F,10-13","H",,2,,,,,,,,,,,,,,,,,,1,,,,,,,,,,,,,,,,,,"PH-DH-1B",,15-03-31
548378,"B, Greene","CIN","@ mil",1,"F,10-4","H",,0,,,,,1,,,,1,,,,,,,,,,,,,,,,,,,,,,,,,,,"PR-2B",,15-03-31
543257,"Grossman, Robbie","HOU","@ atl",1,"F,8-5","H",1,3,1,,,,,,1,,,1,,,,,,,,2,1,,,,,,,,,,,,,,,,,"RF",,15-03-31
648717,"Guerrero, Alex","LAD","v chw",1,"F,1-2","H",,2,1,,,,,,,,,1,,1,,,,,,2,,,,,,,,,,,,,,,,,,"3B",,15-03-31
446386,"Guyer, Brandon","TAM","v bos",1,"F,8-11","H",1,4,2,,,,1,,,,,1,1,,1,,,,,1,,,,,,,,,,,,,,,,,,"RF",,15-03-31
576397,"Gyorko, Jedd","SDG","v kan",1,"F,1-4","H",1,3,2,,,,,,,,,,,,,,,,,,,,,,,,,,,,,,,,,,,"2B",,15-03-31
571740,"Hamilton, Billy","CIN","@ mil",1,"F,10-4","H",1,3,1,,,,1,,,,,,,,,,,,,,,,,,,,,,,,,,,,,,,"CF",,15-03-31
571745,"Haniger","ARI","v tex",1,"F,8-7","H",,0,,,,,,,1,1,,,,,,,,,,,,,,,,,,,,,,,,,,,,"LF",,15-03-31
595238,"Hannemann","CHC","@ tex",1,"F,15-10","H",,3,1,,,,1,,,,,1,,,,,,,,2,,,,,,,,,,,,,,,,,,"CF",,15-03-31
543275,"Hanson","MIN","v nyy",1,"F,3-1","H",,1,,,,,,,,,,1,,,,,,,,,,,,,,,,,,,,,,,,,,"3B",,15-03-31
547180,"Harper, Bryce","WAS","v nym",1,"F,0-2","H",1,3,1,,,,,,,,,1,,,,,,,,,,,,,,,,,,,,,,,,,,"RF",,15-03-31
430611,"Hart, Corey","PIT","@ det",1,"F,7-3","H",1,3,1,,,,1,,,,,1,,,,,,1,,1,,,,,,,,,,,,,,,,,,"1B",,15-03-31
588751,"Hechavarria, Adeiny","MIA","@ stl",1,"F,3-2","H",1,3,,,,,,,,,,,,,,,,,,3,,,,,,,,,,,,,,,,,,"SS",,15-03-31
502317,"Heisey, Chris","LAD","v chw",1,"F,1-2","H",,3,1,,,1,1,1,,,,,,,,,,,,2,,,,,,,,,,,,,,,,,,"PR-CF",,15-03-31
514917,"Hernandez, Cesar","PHI","@ tor",1,"F,6-10","H",1,3,,,,,,1,1,,,1,,,,,,1,,1,,,,,,,,,,,,,,,,,,"3B",,15-03-31
571771,"Hernandez, Enrique","LAD","v chw",1,"F,1-2","H",,1,,,,,,,,,,,,,,,,,,,,,,,,,,,,,,,,,,,,"PH",,15-03-31
546318,"Herrera, Odubel","PHI","@ tor",1,"F,6-10","H",1,2,1,,,1,1,2,,,,,,,,1,1,,,2,,,,,,,,,,,,,,,,,,"CF",,15-03-31
467070,"Herrera","MIL","v cin",1,"F,4-10","H",,1,,,,,,,,,,,,,,,,,,,,,,,,,,,,,,,,,,,,"3B",,15-03-31
468406,"J, Herrera","CHC","@ tex",1,"F,15-10","H",,2,1,,,,1,,1,,,1,,,,,,,,,,,,,,,,,,,,,,,,,,"SS",,15-03-31
543302,"Herrmann, Chris","MIN","v nyy",1,"F,3-1","H",1,4,1,,,,,1,,,,1,,,,,,,,1,,,,,,,,,,,,,,,,,,"RF-1B",,15-03-31
518792,"Heyward, Jason","STL","v mia",1,"F,2-3","H",1,2,,,,,,,1,,,1,,,,,,,,2,,,,,,,,,,,,,,,,,,"RF",,15-03-31
543321,"Hoes, L.J.","HOU","@ atl",1,"F,8-5","H",,2,,,,,1,,,,,1,,,,,,,,1,,,,,,,,,,,,,,,,,,"PR-DH",,15-03-31
407812,"Holliday, Matt","STL","v mia",1,"F,2-3","H",1,3,1,,,,,,,,,,,,,,,,,1,1,,,,,,,,,,,,,,,,,"LF",,15-03-31
571788,"Holt, Brock","BOS","@ tam",1,"F,11-8","H",1,5,2,,,,,1,,,,,,,,,,,,,,,,,,,,,,,,,,,,,,"3B",,15-03-31
543333,"Hosmer, Eric","KAN","@ sdg",1,"F,4-1","H",1,4,1,,,,1,1,,,,1,,,,,,,,2,,,,,,,,,,,,,,,,,,"1B",,15-03-31
429667,"Howard, Ryan","PHI","@ tor",1,"F,6-10","H",1,3,,,,,2,,2,,,2,,,,,,,,2,,,,,,,,,,,,,,,,,,"DH",,15-03-31
460026,"Hundley, Nick","COL","@ sfo",1,"F,3-4","H",1,4,1,,,,,,,,,,,,,,,,,2,,,,,,,,,,,,,,,,,,"C",,15-03-31
455104,"Iannetta, Chris","LAA","v oak",1,"F,10-13","H",1,2,1,,,,1,,,,,,,,,,,,1,,,,,,,,,,,,,,,,,,,"C",,15-03-31
578428,"Iglesias, Jose","DET","v pit",1,"F,3-7","H",1,3,,,,,,,,,,1,,,,,,,,1,,,,,,,,,,,,,,,,,,"SS",,15-03-31
542255,"Inciarte, Ender","ARI","v tex",1,"F,8-7","H",,1,1,,,,,,,,,,,,,,,,,,,,,,,,,,,,,,,,,,,"PH",,15-03-31
408299,"Infante, Omar","KAN","@ sdg",1,"F,4-1","H",1,3,1,,,,,,,,,1,,,,,,,,2,,,,,,,,,,,,,,,,,,"2B",,15-03-31
457706,"Jackson, Austin","SEA","@ cle",1,"F,6-8","H",1,5,2,,,,,1,,,,,,,,,,,,1,,,,,,,,,,,,,,,,,,"CF",,15-03-31
592429,"Jagielo","NYY","@ min",1,"F,1-3","H",1,3,,,,,,,,,,2,,,,,,,,,,,,,,,,,,,,,,,,,,"DH",,15-03-31
457926,"Janish","BAL","v tam",1,"F,3-4","H",,1,,,,,,,,,,,,,,,,1,,,,,,,,,,,,,,,,,,,,"SS",,15-03-31
608671,"Jankowski","SDG","v kan",1,"F,1-4","H",,0,,,,,,,,,,,,,,,,,,,,,,,,,,,,,,,,,,,,"CF",,15-03-31
444379,"Jaso, John","TAM","@ bal",1,"F,4-3","H",1,3,2,,,,2,,1,,,,,,,,,,,,,,,,,,,,,,,,,,,,,"LF",,15-03-31
445055,"Jay, Jon","STL","v mia",1,"F,2-3","H",1,3,,,,,,,,,,,,,,,,,,1,1,,,,,,,,,,,,,,,,,"CF",,15-03-31
457775,"Jennings, Desmond","TAM","@ bal",1,"F,4-3","H",1,3,1,,,,,1,,,,1,,,,,1,,,,,,,,,,,,,,,,,,,,,"CF",,15-03-31
502089,"Jeroloman","WAS","v nym",1,"F,0-2","H",,1,,,,,,,,,,,,,,,,,,1,,,,,,,,,,,,,,,,,,"C",,15-03-31
499864,"Jimenez, Luis","MIL","v cin",1,"F,4-10","H",,1,,,,,,,,,,,,,,,,,,,,,,,,,,,,,,,,,,,,"2B",,15-03-31
453400,"Johnson, Chris","ATL","v hou",1,"F,5-8","H",,0,,,,,1,,,,1,,,,,,,,,,,,,,,,,,,,,,,,,,,"PH",,15-03-31
430637,"K, Johnson","ATL","v hou",1,"F,5-8","H",1,2,1,1,,,,1,,,1,1,,,,,,,,1,,,,,,,,,,,,,,,,,,"LF",,15-03-31
608672,"Mica, Johnson","CHW","@ lad",1,"F,2-1","H",,1,,,,,,,,,,1,,,,,,,,,,,,,,,,,,,,,,,,,,"PR-2B",,15-03-31
407862,"R, Johnson","WAS","v nym",1,"F,0-2","H",,1,,,,,,,,,,,,,,,,,,,,,,,,,,,,,,,,,,,,"LF",,15-03-31
430945,"Jones, Adam","BAL","v tam",1,"F,3-4","H",1,3,1,,,,1,,,,,1,,,,,,,,,,,,,,,,,,,,,,,,,,"CF",,15-03-31
434540,"Jones, Garrett","NYY","@ min",1,"F,1-3","H",1,3,,,,,,,,,,,,,,,,,,1,,,,,,,,,,,,,,,,,,"1B",,15-03-31
543376,"Joseph, Caleb","BAL","v tam",1,"F,3-4","H",1,3,2,,,,,,,,,,,,,,,1,,1,,,,,,,,,,,,,,,,,,"C",,15-03-31
459964,"Joyce, Matt","LAA","v oak",1,"F,10-13","H",1,3,,,,,,,,,,2,,,,,,,,1,,,,,,,,,,,,,,,,,,"DH",,15-03-31
628356,"Ho, Jung","PIT","@ det",1,"F,7-3","H",1,4,1,1,,,1,1,,,,2,,,,,,,,3,,,,,,,,,,,,,,,,,,"3B",,15-03-31
621483,"Kanzler","MIN","v nyy",1,"F,3-1","H",,1,1,1,,,,,,,,,,,,,,,,,,,,,,,,,,,,,,,,,,"PH-DH",,15-03-31
493128,"Kawasaki","TOR","v phi",1,"F,10-6","H",,1,,,,,,,,,,,,,,,,,,,,,,,,,,,,,,,,,,,,"3B",,15-03-31
430603,"D, Kelly","MIA","@ stl",1,"F,3-2","H",,0,,,,,,,,,,,,,,,,,,,,,,,,,,,,,,,,,,,,"1B",,15-03-31
571841,"Kelly, Ty","STL","v mia",1,"F,2-3","H",,1,,,,,,,,,,,,,,,,,,2,,,,,,,,,,,,,,,,,,"PH-3B",,15-03-31
461314,"Kemp, Matt","SDG","v kan",1,"F,1-4","H",1,3,,,,,,,,,,1,,,,,,,,2,,,,,,,,,,,,,,,,,,"RF",,15-03-31
435062,"Kendrick, Howie","LAD","v chw",1,"F,1-2","H",1,3,,,,,,,,,,,,,,,,,,1,,,,,,,,,,,,,,,,,,"2B",,15-03-31
595281,"Kiermaier, Kevin","TAM","v bos",1,"F,8-11","H",1,4,2,,,,,,,,,2,,,,,,1,,,,,,,,,,,,,,,,,,,,"CF",,15-03-31
435079,"Kinsler, Ian","DET","v pit",1,"F,3-7","H",1,2,,,,,,,,,1,,,,,,,,,,,,,,,,,,,,,,,,,,,"2B",,15-03-31
543401,"Kipnis, Jason","CLE","v sea",1,"F,8-6","H",1,3,2,,,,1,,1,,,,1,,,,,,,1,,,,,,,,,,,,,,,,,,"2B",,15-03-31
534580,"Kirkland","OAK","@ laa",1,"F,13-10","H",,1,,,,,,,,,,1,,,,1,,,,1,,,,,,,,,,,,,,,,,,"SS",,15-03-31
623182,"Kivlehan","SEA","@ cle",1,"F,6-8","H",,0,,,,,,,,,,,,,,,,,,,,,,,,,,,,,,,,,,,,"PR",,15-03-31
518902,"Kozma, Pete","STL","v mia",1,"F,2-3","H",1,4,2,1,,,2,,,,,,,,,,,,,,,,,,,,,,,,,,,,,,,"SS",,15-03-31
571868,"Krauss","LAA","v oak",1,"F,10-13","H",,1,,,,,,,2,,,,,,,,,,,,,,,,,,,,,,,,,,,,,"LF",,15-03-31
605323,"Kubitza, Kyle","LAA","v oak",1,"F,10-13","H",,1,,,,,,,,,,,,,,,,,,1,,,,,,,,,,,,,,,,,,"3B",,15-03-31
600303,"La, Tommy","CHC","@ tex",1,"F,15-10","H",,2,1,,,,1,,1,,,,,,,,,,,,,,,,,,,,,,,,,,,,,"3B-2B",,15-03-31
502285,"Ladendorf, Tyler","OAK","@ laa",1,"F,13-10","H",1,4,3,,1,,2,1,,,,,,,,,,,,,,,,,,,,,,,,,,,,,,"3B",,15-03-31
516809,"Lake, Junior","CHC","@ tex",1,"F,15-10","H",,3,1,,,,1,,,,,2,,,,,,,,1,,,,,,,,,,,,,,,,,,"PH-LF",,15-03-31
503351,"Lalli","ARI","v tex",1,"F,8-7","H",,2,1,,,,,1,,,,,,,,,,,,,,,,,,,,,,,,,,,,,,"C",,15-03-31
571875,"Lamb, Jake","ARI","v tex",1,"F,8-7","H",1,4,2,,1,,1,,,,,2,,,,,,,,1,,,,,,,,,,,,,,,,,,"3B",,15-03-31
518911,"Lambo, Andrew","PIT","@ det",1,"F,7-3","H",,1,,,,,,,,,,1,,,,,,,,1,,,,,,,,,,,,,,,,,,"1B",,15-03-31
607332,"Lavin","LAD","v chw",1,"F,1-2","H",,0,,,,,,,,,,,,,,1,,,,,,,,,,,,,,,,,,,,,,"LF",,15-03-31
518934,"LeMahieu, DJ","COL","@ sfo",1,"F,3-4","H",1,3,1,1,,,,,,,,,,,,,,,,4,,,,,,,,,,,,,,,,,,"2B",,15-03-31
506702,"Leon, Sandy","BOS","@ tam",1,"F,11-8","H",1,2,1,,,,,,,,,,,,,,,,,,,,,,,,,,,,,,,,,,,"C",,15-03-31
596018,"Leonard","TAM","@ bal",1,"F,4-3","H",,0,,,,,,,,,,,,,,,,,,,,,,,,,,,,,,,,,,,,"1B",,15-03-31
452252,"Lind, Adam","MIL","v cin",1,"F,4-10","H",1,3,1,,,,,1,,,,,,,,,,,,1,,,,,,,,,,,,,,,,,,"1B",,15-03-31
547171,"Littlewood","SEA","@ cle",1,"F,6-8","H",,0,,,,,,,,,,,,,,,,,,,,,,,,,,,,,,,,,,,,"PR",,15-03-31
446653,"Lobaton, Jose","WAS","v nym",1,"F,0-2","H",1,3,,,,,,,,,,1,,,,,,,,3,,,,,,,,,,,,,,,,,,"C",,15-03-31
425766,"Loney, James","TAM","@ bal",1,"F,4-3","H",1,4,,,,,,,,,,,,,,,,,,3,,,,,,,,,,,,,,,,,,"1B",,15-03-31
543461,"M, Long","MIL","v cin",1,"F,4-10","H",,1,1,1,,,1,,,,,,,,,,,,,,,,,,,,,,,,,,,,,,,"RF",,15-03-31
446334,"Longoria, Evan","TAM","@ bal",1,"F,4-3","H",1,4,1,,,,1,,,,,1,,,,,,,,1,,,,,,,,,,,,,,,,,,"3B",,15-03-31
476704,"Lowrie, Jed","HOU","@ atl",1,"F,8-5","H",1,3,2,,,1,2,1,1,,,,,,,,,,,,,,,,,,,,,,,,,,,,,"SS",,15-03-31
448296,"Lucas","TEX","v chc",1,"F,10-15","H",1,4,3,,,,2,1,1,,,1,,,,,,,,1,,,,,,,,,,,,,,,,,,"SS",,15-03-31
572997,"J, Lucas","CLE","v sea",1,"F,8-6","H",,0,,,,,,,,,,,,,,,,,,,,,,,,,,,,1,,,,,,,,"PR-C",,15-03-31
518960,"Lucroy, Jonathan","MIL","v cin",1,"F,4-10","H",1,3,3,,,,1,,,,,,,,,,,,,,,,,,,,,,,,,,,,,,,"C",,15-03-31
592518,"Machado, Manny","BAL","v tam",1,"F,3-4","H",1,3,1,,,,,,,,,,,,,,,,,1,,,,,,,,,,,,,,,,,,"3B",,15-03-31
643424,"Maffei","PIT","@ det",1,"F,7-3","H",,1,1,,,,,,,,,,,,,,,,,,,,,,,,,,,,,,,,,,,"CF",,15-03-31
455976,"Markakis, Nick","ATL","v hou",1,"F,5-8","H",1,3,,,,,1,1,,,,,,,,,,,,2,,,,,,,,,,,,,,,,,,"RF",,15-03-31
571918,"Marrero","BOS","@ tam",1,"F,11-8","H",1,4,1,,,,1,1,1,,,,,,,,,2,,2,,,,,,,,,,,,,,,,,,"SS",,15-03-31
606336,"L, Marte","TEX","@ ari",1,"F,7-8","H",1,2,2,,,,2,1,1,,1,,,,,,,,,,,,,,,,,,,,,,,,,,,"SS-3B",,15-03-31
547982,"Martin, Leonys","TEX","v chc",1,"F,10-15","H",1,4,1,,,,,1,,,,,,,,,,,,1,,,,,,,,,,,,,,,,,,"CF",,15-03-31
431145,"Martin, Russell","TOR","v phi",1,"F,10-6","H",1,4,,,,,,,,,,1,,,,,,,,3,,,,,,,,,,,,,,,,,,"C",,15-03-31
642487,"J, Martinez","TEX","v chc",1,"F,10-15","H",,0,,,,,,,,,,,,,,,,,,,,,,,,,,,,,,,,,,,,"LF",,15-03-31
492841,"M, Martinez","CLE","v sea",1,"F,8-6","H",,1,,,,,1,,,,,,,,,,,,,,,,,,,,,,,,,,,,,,,"PR-2B",,15-03-31
501954,"O, Martinez","BAL","v tam",1,"F,3-4","H",,0,,,,,,,,,,,,,,,,,,,,,,,,,,,,,,,,,,,,"2B",,15-03-31
400121,"Martinez, Victor","DET","v pit",1,"F,3-7","H",1,4,,,,,,,,,,,,,,,,,,3,1,,,,,,,,,,,,,,,,,"DH",,15-03-31
452239,"Maxwell","SFO","v col",1,"F,4-3","H",,3,3,,,,,3,,,,,,,,,1,,,,,,,,,,,,,,,,,,,,,"PH-RF",,15-03-31
460055,"Mayberry Jr, John","NYM","@ was",1,"F,2-0","H",1,4,3,,,1,1,1,,,,1,,,,,,,,,,,,,,,,,,,,,,,,,,"RF-LF",,15-03-31
457727,"Maybin, Cameron","SDG","v kan",1,"F,1-4","H",,2,,,,,,,,,,,,,,,,,,1,,,,,,,,,,,,,,,,,,"PH-CF",,15-03-31
473724,"McBride","COL","@ sfo",1,"F,3-4","H",,1,,,,,,,,,,,,,,,,,,,,,,,,,,,,,,,,,,,,"RF",,15-03-31
543510,"McCann, James","DET","v pit",1,"F,3-7","H",,1,,,,,,,,,,,,,,,,,,1,1,,,,,,,,,,,,,,,,,"C",,15-03-31
621452,"McClure","CLE","v sea",1,"F,8-6","H",,0,,,,,,,,,,,,,,,,,,,,,,,,,,,,,,,,,,,,"PR-DH",,15-03-31
457705,"McCutchen, Andrew","PIT","@ det",1,"F,7-3","H",1,3,2,1,,,2,1,,,,,,,,,,,,,,,,,,,,,,,,,,,,,,"CF",,15-03-31
431171,"McGehee, Casey","SFO","v col",1,"F,4-3","H",1,2,,,,,1,,2,,,,,,,,,,,1,,,,,,,,,,,,,,,,,,"3B",,15-03-31
641856,"McKinney","CHC","@ tex",1,"F,15-10","H",,2,1,,,,1,1,,,,,,,,,,,,,,,,,,,,,,,,,,,,,,"PH-LF",,15-03-31
523265,"Medica, Tommy","SDG","v kan",1,"F,1-4","H",,1,,,,,,,,,,1,,,,,,,,1,,,,,,,,,,,,,,,,,,"LF",,15-03-31
650432,"Medina","CIN","@ mil",1,"F,10-4","H",,1,,,,,,,,,,1,,,,,,,,2,,,,,,,,,,,,,,,,,,"LF",,15-03-31
593642,"L, Mendez","TEX","@ ari",1,"F,7-8","H",,0,,,,,,1,,,,,,,,,1,,,,,,,,,,,,,,,,,,,,,"SS",,15-03-31
474568,"Mercer, Jordy","PIT","@ det",1,"F,7-3","H",1,4,1,,,,1,,,,,1,,,,,,,,,,,,,,,,,,,,,,,,,,"SS",,15-03-31
593160,"Merrifield","KAN","@ sdg",1,"F,4-1","H",,1,1,,,,,,,,,,1,,1,,,,,,,,,,,,,,,,,,,,,,,"PR-DH",,15-03-31
519025,"Middlebrooks, Will","SDG","v kan",1,"F,1-4","H",1,3,1,1,,,,,,,,1,,,,,,,,,,,,,,,,,,,,,,,,,,"3B",,15-03-31
543543,"Miller, Brad","SEA","@ cle",1,"F,6-8","H",1,4,1,,1,,1,,,,,2,,,,,,,,,,,,,,,,,,,,,,,,,,"SS",,15-03-31
641878,"I, Miller","SEA","@ cle",1,"F,6-8","H",,1,,,,,,,,,,,,,1,,,,,2,,,,,,,,,,,,,,,,,,"PR-RF",,15-03-31
641882,"Milone","TAM","@ bal",1,"F,4-3","H",,0,,,,,,,,,,,,,,,,,,,,,,,,,,,,1,,,,,,,,"CF",,15-03-31
425877,"Molina, Yadier","STL","v mia",1,"F,2-3","H",1,4,,,,,,,,,,,,,,,,,,3,,,,,,,,,,,,,,,,,,"C",,15-03-31
445599,"S, Moore","STL","v mia",1,"F,2-3","H",,1,1,1,,,,1,,,,,,,,,,,,,,,,,,,,,,,,,,,,,,"PH-LF",,15-03-31
489138,"Moore, Tyler","WAS","v nym",1,"F,0-2","H",1,3,2,,,,,,,,,,,,,,,,,,,,,,,,,,,,,,,,,,,"LF",,15-03-31
621505,"Moorman","TEX","@ ari",1,"F,7-8","H",,1,1,1,,,,,,,,,,,,,,,,,,,,,,,,,,,,,,,,,,"PH",,15-03-31
434778,"Morales, Kendrys","KAN","@ sdg",1,"F,4-1","H",1,3,2,,,,,1,,,,,,,,,,,,,,,,,,,,,,,,,,,,,,"DH",,15-03-31
519048,"Moreland, Mitch","TEX","@ ari",1,"F,7-8","H",1,3,1,,,,,1,,,,,,,,,,,,2,,,,,,,,,,,,,,,,,,"1B",,15-03-31
408047,"Morneau, Justin","COL","@ sfo",1,"F,3-4","H",1,4,,,,,,,,,,,,,,,,,,,,,,,,,,,,,,,,,,,,"1B",,15-03-31
434604,"Morse, Michael","MIA","@ stl",1,"F,3-2","H",1,4,,,,,,,,,,1,,,,,,,,3,,,,,,,,,,,,,,,,,,"1B",,15-03-31
461235,"Moss, Brandon","CLE","v sea",1,"F,8-6","H",1,3,2,,,1,1,3,1,,,1,,,,,,,,2,,,,,,,,,,,,,,,,,,"RF",,15-03-31
470466,"Mota","CHC","@ tex",1,"F,15-10","H",,1,1,,,,2,1,2,,,,,,,,,,,,,,,,,,,,,,,,,,,,,"1B",,15-03-31
519058,"Moustakas, Mike","KAN","@ sdg",1,"F,4-1","H",1,4,2,,,,1,,,,,1,,,,,,,,,,,,,,,,,,,,,,,,,,"3B",,15-03-31
594940,"Muno","NYM","@ was",1,"F,2-0","H",1,3,,,,,1,,1,,,1,,,,,,,,4,,,,,,,,,,,,,,,,,,"3B",,15-03-31
537953,"Nava, Daniel","BOS","@ tam",1,"F,11-8","H",1,5,2,,,,2,1,1,,,,,,,,,,,3,,,,,,,,,,,,,,,,,,"LF",,15-03-31
519068,"Navarro, Efren","LAA","v oak",1,"F,10-13","H",,1,,,,,,,,,,1,,,,,,,,1,,,,,,,,,,,,,,,,,,"RF",,15-03-31
502117,"Negron, Kristopher","CIN","@ mil",1,"F,10-4","H",1,2,1,,,,,1,2,,,,,1,,,,,,,,,,,,,,,,,,,,,,,,"2B",,15-03-31
519078,"Newman","TOR","v phi",1,"F,10-6","H",,0,,,,,,,,,,,,,,,,,,,,,,,,,,,,,,,,,,,,"RF",,15-03-31
543590,"Nieuwenhuis, Kirk","NYM","@ was",1,"F,2-0","H",1,4,,,,,,,,,,3,,,,,,,,3,,,,,,,,,,,,,,,,,,"CF",,15-03-31
434624,"J, Nix","BAL","v tam",1,"F,3-4","H",,1,,,,,,,,,,,,,,,,,,,,,,,,,,,,,,,,,,,,"3B",,15-03-31
573060,"K, Nolan","TOR","v phi",1,"F,10-6","H",,0,,,,,,,,,,,,,,,,,,,,,,,,,,,,,,,,,,,,"2B",,15-03-31
519082,"Noonan","NYY","@ min",1,"F,1-3","H",1,4,,,,,,,,,,1,,,,,,1,,4,,,,,,,,,,,,,,,,,,"SS",,15-03-31
519083,"Norris, Derek","SDG","v kan",1,"F,1-4","H",1,3,1,1,,,1,,,,,,,,,,,,,3,,,,,,,,,,,,,,,,,,"C",,15-03-31
456488,"Nunez, Eduardo","MIN","v nyy",1,"F,3-1","H",1,4,,,,,,,,,,,,,,,,,,1,,,,,,,,,,,,,,,,,,"3B-LF",,15-03-31
594947,"Oberacker","OAK","@ laa",1,"F,13-10","H",,1,1,1,,,1,,,,,,,,,,,,,,,,,,,,,,,,,,,,,,,"CF",,15-03-31
596059,"Odor, Rougned","TEX","@ ari",1,"F,7-8","H",1,3,,,,,,,,,,2,,,,,,,,2,,,,,,,,,,,,,,,,,,"2B",,15-03-31
592609,"Olt, Mike","CHC","@ tex",1,"F,15-10","H",1,2,1,1,,,1,,,,,,,,,,,,,,,,,,,,,,,,,,,,,,,"3B",,15-03-31
449181,"Orlando, Paulo","KAN","@ sdg",1,"F,4-1","H",,2,,,,,,,,,,1,,,,,,,,,,,,,,,,,,,,,,,,,,"RF",,15-03-31
572008,"Owings, Chris","ARI","v tex",1,"F,8-7","H",1,4,1,,,,1,1,,,,,1,,,,1,,,1,,,,,,,,,,,,,,,,,,"2B",,15-03-31
542303,"Ozuna, Marcell","MIA","@ stl",1,"F,3-2","H",1,3,2,,1,,1,,,,,1,,,,,,,,,,,,,,,,,,,,,,,,,,"CF",,15-03-31
457574,"Pacheco","ARI","v tex",1,"F,8-7","H",,1,1,1,,,,,,,,,,,,,,,,,,,,,,,,,,,,,,,,,,"3B",,15-03-31
434636,"Pagan, Angel","SFO","v col",1,"F,4-3","H",1,4,,,,,,,,,,,,,,,,,,,,,,,,,,,,,,,,,,,,"CF",,15-03-31
517370,"Paredes, Jimmy","BAL","v tam",1,"F,3-4","H",1,4,1,1,,,1,,,,,,,,,,,,,2,,,,,,,,,,,,,,,,,,"DH",,15-03-31
467827,"Parra, Gerardo","MIL","v cin",1,"F,4-10","H",,2,1,,,,,1,,,,1,,,,,,,,,,,,,,,,,,,,,,,,,,"1B",,15-03-31
456665,"Pearce, Steve","BAL","v tam",1,"F,3-4","H",1,4,,,,,,,,,,1,,,,,,,,2,,,,,,,,,,,,,,,,,,"LF",,15-03-31
451713,"C, Peguero","TEX","@ ari",1,"F,7-8","H",1,5,2,2,,,1,,,,,3,,,,,,,,2,,,,,,,,,,,,,,,,,,"RF",,15-03-31
430910,"Pena, Brayan","CIN","@ mil",1,"F,10-4","H",1,4,2,,,,1,1,,,,,,,,,,,,,,,,,,,,,,,,,,,,,,"C",,15-03-31
554335,"F, Pena","ARI","v tex",1,"F,8-7","H",,0,,,,,1,,,,,,,,,,,,,,,,,,,,,,,,,,,,,,,"PR",,15-03-31
455369,"R, Pena","SDG","v kan",1,"F,1-4","H",,0,,,,,,,,,,,,,,,,,,,,,,,,,,,,,,,,,,,,"2B",,15-03-31
444482,"Peralta, David","ARI","v tex",1,"F,8-7","H",,1,,,,,,,,,,,,,,,,,,1,,,,,,,,,,,,,,,,,,"PH",,15-03-31
542208,"Perez, Carlos","LAA","v oak",1,"F,10-13","H",,3,,,,,,,,,,3,,,,,,,,5,,,,,,,,,,,,,,,,,,"PH-C",,15-03-31
541650,"Perez, Hernan","DET","v pit",1,"F,3-7","H",,0,,,,,,,,,,,,,,,,,,,,,,,,,,,,,,,,,,,,"3B",,15-03-31
547379,"Perez, Roberto","CLE","v sea",1,"F,8-6","H",1,2,1,,,,,,1,,1,,,,,,,,,,,,,,,,,,,,,,,,,,,"C",,15-03-31
521692,"Perez, Salvador","KAN","@ sdg",1,"F,4-1","H",1,4,1,,,,,,,,,,,,,,,,,4,1,,,,,,,,,,,,,,,,,"C",,15-03-31
572028,"S, Perez","WAS","v nym",1,"F,0-2","H",,1,,,,,,,,,,,,,,,,,,1,,,,,,,,,,,,,,,,,,"PR-SS",,15-03-31
570639,"Y, Perez","MIA","@ stl",1,"F,3-2","H",,1,,,,,,,,,,,,,,,,,,3,,,,,,,,,,,,,,,,,,"LF",,15-03-31
592637,"D, Peterson","SEA","@ cle",1,"F,6-8","H",,1,,,,,,,,,,,,,,,,,,2,,,,,,,,,,,,,,,,,,"PH-DH",,15-03-31
607054,"Peterson, Jace","ATL","v hou",1,"F,5-8","H",1,4,1,,,,,,1,,,2,,,,,,,,3,,,,,,,,,,,,,,,,,,"2B",,15-03-31
463610,"G, Petit","HOU","@ atl",1,"F,8-5","H",,1,1,1,,,,2,,,,,,,,,,,,,,,,,,,,,,,,,,,,,,"PR-2B-SS",,15-03-31
621433,"Phillips","HOU","@ atl",1,"F,8-5","H",,0,,,,,1,,,,,,,,,,,,,,,,,,,,,,,,,,,,,,,"PR-RF",,15-03-31
150229,"Pierzynski, A.J.","ATL","v hou",1,"F,5-8","H",1,5,2,,,,,2,,,,,,,,,,,,3,,,,,,,,,,,,,,,,,,"C",,15-03-31
607680,"Pillar, Kevin","TOR","v phi",1,"F,10-6","H",1,4,1,1,,,2,,,,,1,,,,,,,,3,,,,,,,,,,,,,,,,,,"LF",,15-03-31
599813,"E, Pinto","TEX","v chc",1,"F,10-15","H",,2,1,,,,1,,,,,,,,,,,,,1,,,,,,,,,,,,,,,,,,"PR-DH",,15-03-31
572039,"Piscotty","STL","v mia",1,"F,2-3","H",,1,,,,,,,1,,,,,,,,,,,,,,,,,,,,,,,,,,,,,"PH-RF",,15-03-31
543653,"Pohl","OAK","@ laa",1,"F,13-10","H",,1,1,,,,,1,,,,,,,,,,,,,,,,,,,,,,,,,,,,,,"C",,15-03-31
572041,"Pollock, A.J.","ARI","v tex",1,"F,8-7","H",1,3,,,,,,,2,,,1,,1,,,,,,1,,,,,,,,,,,,,,,,,,"CF",,15-03-31
622738,"Polo","PIT","@ det",1,"F,7-3","H",,1,,,,,,,,,,1,,,,,,,,,,,,,,,,,,,,,,,,,,"RF",,15-03-31
592647,"Pompey, Dalton","TOR","v phi",1,"F,10-6","H",1,2,1,,,,,,2,,,,,1,,,,,,1,,,,,,,,,,,,,,,,,,"CF",,15-03-31
457763,"Posey, Buster","SFO","v col",1,"F,4-3","H",1,3,1,1,,,1,,1,,,,,,,,,,,,,,,,,,,,,,,,,,,,,"C",,15-03-31
621471,"Powell","TAM","v bos",1,"F,8-11","H",,2,,,,,,,,,,1,,,,,,,,,,,,,,,,,,,,,,,,,,"LF-CF",,15-03-31
445988,"Prado, Martin","MIA","@ stl",1,"F,3-2","H",1,4,1,,,,1,,,,,,,,,,,,,3,1,,,,,,,,,,,,,,,,,"3B",,15-03-31
502100,"Presley, Alex","HOU","@ atl",1,"F,8-5","H",,1,,,,,,,,,,,,,,,,,,1,,,,,,,,,,,,,,,,,,"LF",,15-03-31
445095,"Pridie","OAK","@ laa",1,"F,13-10","H",,2,1,1,,,1,,,,,,,,,,,,,1,,,,,,,,,,,,,,,,,,"RF",,15-03-31
527049,"Puello, Cesar","NYM","@ was",1,"F,2-0","H",,2,,,,,,,,,,1,,,,,,,,1,,,,,,,,,,,,,,,,,,"RF",,15-03-31
624577,"Puig, Yasiel","LAD","v chw",1,"F,1-2","H",1,3,1,,,,,,,,,,1,,,,,,,1,,,,,,,,,,,,,,,,,,"RF",,15-03-31
578570,"Querecuto","TAM","v bos",1,"F,8-11","H",,2,,,,,,,,,,,,,,,,,,,,,,,,,,,,,,,,,,,,"2B",,15-03-31
493351,"Ramirez, Alexei","CHW","@ lad",1,"F,2-1","H",1,4,1,,,,,,,,,1,,,,,,,,1,,,,,,,,,,,,,,,,,,"SS",,15-03-31
133380,"Ramirez, Aramis","MIL","v cin",1,"F,4-10","H",1,3,,,,,,,,,,,,,,,,,,5,,,,,,,,,,,,,,,,,,"3B",,15-03-31
608070,"Ramirez, Jose","CLE","v sea",1,"F,8-6","H",1,2,,,,,1,,1,,,,1,,,,,,,2,,,,,,,,,,,,,,,,,,"SS",,15-03-31
458675,"Rasmus, Colby","HOU","@ atl",1,"F,8-5","H",1,5,2,1,,1,2,3,,,,2,,,,,,,,2,,,,,,,,,,,,,,,,,,"CF",,15-03-31
489232,"Recker, Anthony","NYM","@ was",1,"F,2-0","H",,1,,,,,,,,,,,,,,,,,,,,,,,,,,,,,,,,,,,,"PH-C",,15-03-31
643500,"Reeves","TOR","v phi",1,"F,10-6","H",,0,,,,,1,,1,,,,,,,,,,,,,,,,,,,,,,,,,,,,,"C",,15-03-31
608701,"Refsnyder","NYY","@ min",1,"F,1-3","H",1,3,1,,,,,,1,,,,,,,,,1,,1,,,,,,,,,,,,,,,,,,"2B",,15-03-31
553891,"Reginatto","TAM","v bos",1,"F,8-11","H",,1,1,,,,1,,,,,,,,,,,,,,,,,,,,,,,,,,,,,,,"SS",,15-03-31
460099,"Reimold","BAL","v tam",1,"F,3-4","H",,1,1,,,1,1,1,,,,,,,,,,,,,,,,,,,,,,,,,,,,,,"LF",,15-03-31
595373,"Reinheimer","SEA","@ cle",1,"F,6-8","H",,0,,,,,,,,,,,,,,,,,,,,,,,,,,,,,,,,,,,,"2B",,15-03-31
519184,"Revere, Ben","PHI","@ tor",1,"F,6-10","H",1,5,1,,,,,,,,,2,,,,,,,,3,1,,,,,,,,,,,,,,,,,"LF",,15-03-31
408314,"Reyes, Jose","TOR","v phi",1,"F,10-6","H",1,3,1,,,,,2,,,,,,,,,1,,,1,,,,,,,,,,,,,,,,,,"SS",,15-03-31
608703,"M, Reynolds","NYM","@ was",1,"F,2-0","H",,1,,,,,,,,,,,,,,,,,,,,,,,,,,,,,,,,,,,,"SS",,15-03-31
448602,"Reynolds, Mark","STL","v mia",1,"F,2-3","H",,0,,,,,,,1,,,,,,,,,,,,,,,,,,,,,,,,,,,,,"PH",,15-03-31
572073,"Rickard","TAM","v bos",1,"F,8-11","H",,1,1,,,,,1,,,,,,,,,,,,,,,,,,,,,,,,,,,,,,"RF",,15-03-31
425784,"Rivera, Rene","TAM","v bos",1,"F,8-11","H",1,4,1,,,,,,,,,1,,,,,,,,1,,,,,,,,,,,,,,,,,,"C",,15-03-31
608061,"T, Rivera","NYM","@ was",1,"F,2-0","H",,1,,,,,,,,,,,,,,,,,,1,1,,,,,,,,,,,,,,,,,"PH",,15-03-31
519203,"Rizzo, Anthony","CHC","@ tex",1,"F,15-10","H",1,2,,,,,,1,1,,,,,,,,,,,1,,,,,,,,,,,,,,,,,,"1B",,15-03-31
572078,"Robbins","DET","v pit",1,"F,3-7","H",,1,1,,,1,1,2,,,,,,,,,,,,,,,,,,,,,,,,,,,,,,"1B",,15-03-31
543706,"Robertson, Daniel","LAA","v oak",1,"F,10-13","H",,3,,,,,1,1,,,,,,,,,,,,2,,,,,,,,,,,,,,,,,,"RF-CF",,15-03-31
621002,"Robertson","TAM","v bos",1,"F,8-11","H",1,2,2,,,2,2,5,,,1,,,,,,,,,,,,,,,,,,,,,,,,,,,"SS",,15-03-31
519208,"C, Robinson","WAS","v nym",1,"F,0-2","H",,0,,,,,,,,,,,,,,1,,,,,,,,,,,,,,,,,,,,,,"1B",,15-03-31
453203,"S, Robinson","MIN","v nyy",1,"F,3-1","H",1,4,1,,,,,,,,,,,,,,,,,1,,,,,,,,,,,,,,,,,,"LF-CF",,15-03-31
453256,"E, Rodriguez","NYY","@ min",1,"F,1-3","H",,0,,,,,,,1,,,,,,,,,,,,,,,,,,,,,,,,,,,,,"C",,15-03-31
457517,"G, Rodriguez","TEX","v chc",1,"F,10-15","H",,2,1,,,,1,,,,,1,,,,,,1,,1,,,,,,,,,,,,,,,,,,"3B",,15-03-31
514719,"Henry, Rodriguez","BOS","@ tam",1,"F,11-8","H",,1,,,,,1,,,,,1,,,,,,,,2,,,,,,,,,,,,,,,,,,"PR-3B",,15-03-31
572088,"Jon, Rodriguez","STL","v mia",1,"F,2-3","H",,1,,,,,,,,,,1,,,,,,,,,,,,,,,,,,,,,,,,,,"1B",,15-03-31
593444,"Lu, Rodriguez","CLE","v sea",1,"F,8-6","H",,1,,,,,,,,,,,,,,,,,,1,1,,,,,,,,,,,,,,,,,"CF",,15-03-31
446481,"Rodriguez, Sean","PIT","@ det",1,"F,7-3","H",1,3,1,,,,,2,,,,,,,,,,,,,,,,,,,,,,,,,,,,,,"RF",,15-03-31
595386,"Rogers, Jason","MIL","v cin",1,"F,4-10","H",,1,,,,,,,,,,,,,,,,,,,,,,,,,,,,,,,,,,,,"PH",,15-03-31
592692,"Rojas Jr.","PIT","@ det",1,"F,7-3","H",1,4,,,,,,,,,,1,,,,,,,,1,,,,,,,,,,,,,,,,,,"LF",,15-03-31
276519,"Rollins, Jimmy","LAD","v chw",1,"F,1-2","H",1,3,1,,,,,,,,,,,1,,,,,,,,,,,,,,,,,,,,,,,,"SS",,15-03-31
461865,"Romine, Andrew","DET","v pit",1,"F,3-7","H",,1,1,,,,,,,,,,,,,,,,,,,,,,,,,,,,,,,,,,,"LF",,15-03-31
519222,"Romine, Austin","NYY","@ min",1,"F,1-3","H",1,3,,,,,,,,,,1,,,,,,,,1,,,,,,,,,,,,,,,,,,"C",,15-03-31
489267,"Rosales, Adam","TEX","@ ari",1,"F,7-8","H",1,4,2,1,,,,1,,,,1,,1,,,,,,,,,,,,,,,,,,,,,,,,"3B",,15-03-31
501647,"Rosario, Wilin","COL","@ sfo",1,"F,3-4","H",,1,,,,,,,,,,1,,,,,,,,1,,,,,,,,,,,,,,,,,,"1B",,15-03-31
425496,"Ross, Cody","ARI","v tex",1,"F,8-7","H",1,2,,,,,1,1,2,,,1,,,,,,,,,,,,,,,,,,,,,,,,,,"LF",,15-03-31
607387,"Rua, Ryan","TEX","@ ari",1,"F,7-8","H",1,3,1,1,,,,,,,,,,,,,,,,1,,,,,,,,,,,,,,,,,,"LF",,15-03-31
573131,"Ruf, Darin","PHI","@ tor",1,"F,6-10","H",1,5,1,,,,,,,,,,1,,,,,,,3,1,,,,,,,,,,,,,,,,,"1B",,15-03-31
448605,"Ruggiano, Justin","SEA","@ cle",1,"F,6-8","H",1,3,1,,,,,,,,,,,,,,,,,,,,,,,,,,,,,,,,,,,"LF",,15-03-31
519237,"Rupp, Cameron","PHI","@ tor",1,"F,6-10","H",1,2,,,,,,,2,,,1,,,,,,,,2,,,,,,,,,,,,,,,,,,"C",,15-03-31
592710,"Rutledge, Josh","LAA","v oak",1,"F,10-13","H",,2,1,,,,1,3,1,,,,,,,,,,,,,,,,,,,,,,,,,,,,,"PH-SS",,15-03-31
453895,"Ryan, Brendan","NYY","@ min",1,"F,1-3","H",1,3,,,,,,,,,,1,,,,,,,,2,,,,,,,,,,,,,,,,,,"3B",,15-03-31
457454,"Saltalamacchia, Jarrod","MIA","@ stl",1,"F,3-2","H",1,3,1,,,,,,1,,,,,,,,,,,1,,,,,,,,,,,,,,,,,,"C",,15-03-31
502688,"Samson","LAD","v chw",1,"F,1-2","H",,1,1,,,,,,,,,,,,,,,,,,,,,,,,,,,,,,,,,,,"2B",,15-03-31
570560,"Sanchez, Carlos","CHW","@ lad",1,"F,2-1","H",1,4,2,,,,1,,,,,1,,,,,,,,2,,,,,,,,,,,,,,,,,,"2B-3B",,15-03-31
516949,"Sanchez, Hector","SFO","v col",1,"F,4-3","H",,1,,,,,,,,,,1,,,,,,,,1,,,,,,,,,,,,,,,,,,"PH",,15-03-31
506997,"Sanchez, Tony","PIT","@ det",1,"F,7-3","H",,1,,,,,,,,,,,,,,,,,,1,,,,,,,,,,,,,,,,,,"C",,15-03-31
543742,"Sands","CLE","v sea",1,"F,8-6","H",,1,,,,,,,,,,,,,,,,,,1,,,,,,,,,,,,,,,,,,"PR-RF",,15-03-31
467793,"Santana, Carlos","CLE","v sea",1,"F,8-6","H",1,3,1,1,,,,3,,,1,,,,,,,,,3,,,,,,,,,,,,,,,,,,"1B",,15-03-31
457788,"Schafer, Jordan","MIN","v nyy",1,"F,3-1","H",1,3,,,,,,,,,,,1,,,,,,,2,,,,,,,,,,,,,,,,,,"CF",,15-03-31
502582,"Schafer, Logan","MIL","v cin",1,"F,4-10","H",,1,,,,,,,,,,1,,,,,,,,,,,,,,,,,,,,,,,,,,"LF",,15-03-31
570731,"Schoop, Jonathan","BAL","v tam",1,"F,3-4","H",1,3,2,,,,,1,,,,,,,,,,,,,,,,,,,,,,,,,,,,,,"2B",,15-03-31
572122,"Seager, Kyle","SEA","@ cle",1,"F,6-8","H",1,3,,,,,,,1,,,2,,,,,,,,1,,,,,,,,,,,,,,,,,,"3B",,15-03-31
516416,"Segura, Jean","MIL","v cin",1,"F,4-10","H",1,1,,,,,,,1,,,,,,,,,,,,,,,,,,,,,,,,,,,,,"SS",,15-03-31
592731,"Selsky","CIN","@ mil",1,"F,10-4","H",,1,1,,,,,1,,,,,,,,,,,,,,,,,,,,,,,,,,,,,,"RF",,15-03-31
543760,"Semien, Marcus","OAK","@ laa",1,"F,13-10","H",1,3,1,1,,,1,1,1,,,,,,,,,,,1,,,,,,,,,,,,,,,,,,"SS",,15-03-31
572128,"Shaffer","TAM","@ bal",1,"F,4-3","H",,1,,,,,,,,,,,,,,,,,,1,,,,,,,,,,,,,,,,,,"3B",,15-03-31
592740,"Shoulders","TEX","@ ari",1,"F,7-8","H",,2,,,,,,,,,,1,,,,,,,,,,,,,,,,,,,,,,,,,,"1B",,15-03-31
543776,"Shuck, J.B.","CHW","@ lad",1,"F,2-1","H",1,5,2,1,,,1,,,,,1,,1,,,,,,,,,,,,,,,,,,,,,,,,"CF",,15-03-31
501213,"Sierra","KAN","@ sdg",1,"F,4-1","H",,0,,,,,,,,,,,,,,,,,,,,,,,,,,,,,,,,,,,,"LF",,15-03-31
572136,"Silva","CIN","@ mil",1,"F,10-4","H",,1,,,,,,,1,,,,,,,,,,,1,,,,,,,,,,,,,,,,,,"CF",,15-03-31
592743,"Simmons, Andrelton","ATL","v hou",1,"F,5-8","H",,1,,,,,,,,,,,,,,,,,,1,,,,,,,,,,,,,,,,,,"PH",,15-03-31
572138,"Singleton, Jon","HOU","@ atl",1,"F,8-5","H",1,3,,,,,,,,,,1,,,,,,1,,2,,,,,,,,,,,,,,,,,,"1B",,15-03-31
429713,"Sizemore, Grady","PHI","@ tor",1,"F,6-10","H",1,4,3,,,,2,1,,,,,,,,,,,,,,,,,,,,,,,,,,,,,,"RF",,15-03-31
592750,"Skole","TEX","@ ari",1,"F,7-8","H",,1,,,,,,,1,,,1,,,,,,,,,,,,,,,,,,,,,,,,,,"LF-CF",,15-03-31
456673,"Ma, Smith","CIN","@ mil",1,"F,10-4","H",,2,2,,,,,1,,,,,,,,,,,,,,,,,,,,,,,,,,,,,,"1B",,15-03-31
475253,"Smoak, Justin","TOR","v phi",1,"F,10-6","H",1,3,1,,,,,,1,,,2,,,,,,,,3,,,,,,,,,,,,,,,,,,"DH",,15-03-31
519295,"Smolinski, Jake","TEX","v chc",1,"F,10-15","H",1,5,2,1,,,1,1,,,,1,,,,,,,,1,,,,,,,,,,,,,,,,,,"LF",,15-03-31
519299,"Sogard, Eric","OAK","@ laa",1,"F,13-10","H",1,4,3,1,,,1,,,,,1,,,,,,,,,,,,,,,,,,,,,,,,,,"2B",,15-03-31
456781,"Solano, Donovan","MIA","@ stl",1,"F,3-2","H",,1,,,,,,,,,,,,,,,,,,1,,,,,,,,,,,,,,,,,,"SS",,15-03-31
500208,"Solarte, Yangervis","SDG","v kan",1,"F,1-4","H",,1,,,,,,,,,,1,,,,,,,,,,,,,,,,,,,,,,,,,,"PH",,15-03-31
624585,"Soler, Jorge","CHC","@ tex",1,"F,15-10","H",1,3,1,,,,,2,,,,,,,,,,,,1,1,,,,,,,,,,,,,,,,,"RF",,15-03-31
455378,"Solis","LAD","v chw",1,"F,1-2","H",,0,,,,,,,,,1,,,,,,,,,,,,,,,,,,,,,,,,,,,"C",,15-03-31
434567,"G, Soto","CHW","@ lad",1,"F,2-1","H",1,3,,,,,,,1,,,1,,,,,,,,2,,,,,,,,,,,,,,,,,,"C",,15-03-31
519306,"Souza_Jr., Steven","TAM","v bos",1,"F,8-11","H",1,4,1,,,,,,1,,,1,1,,,,,,,4,,,,,,,,,,,,,,,,,,"DH",,15-03-31
605486,"Spangenberg, Cory","SDG","v kan",1,"F,1-4","H",,1,1,,,,,,,,,,,1,1,,,,,,,,,,,,,,,,,,,,,,,"PR-3B",,15-03-31
656994,"Spivey","TEX","@ ari",1,"F,7-8","H",,2,,,,,,,,,,,,,,,,,,1,1,,,,,,,,,,,,,,,,,"2B",,15-03-31
519317,"Stanton, Giancarlo","MIA","@ stl",1,"F,3-2","H",1,3,1,,,,,1,1,,,,,,,,,,,,,,,,,,,,,,,,,,,,,"RF",,15-03-31
456655,"I, Stewart","WAS","v nym",1,"F,0-2","H",,1,,,,,,,,,,1,,,,,,1,,1,,,,,,,,,,,,,,,,,,"3B",,15-03-31
400085,"Suzuki, Ichiro","MIA","@ stl",1,"F,3-2","H",,2,2,,,,,1,,,,,2,,,,,,,,,,,,,,,,,,,,,,,,,"PH-CF",,15-03-31
435220,"Sweeney, Ryan","CHC","@ tex",1,"F,15-10","H",,2,1,1,,,,,,,,,,,,,,,,,,,,,,,,,,,,,,,,,,"RF",,15-03-31
596119,"Swihart, Blake","BOS","@ tam",1,"F,11-8","H",,3,2,,1,,1,3,,,,1,,,,,,,,,,,,,,,,,,,,,,,,,,"C",,15-03-31
608719,"Swim","MIN","v nyy",1,"F,3-1","H",,0,,,,,,,,,,,,,,,,,,,,,,,,,,,,,,,,,,,,"C",,15-03-31
519333,"Szczur, Matt","CHC","@ tex",1,"F,15-10","H",1,2,2,,,1,1,2,,,,,,,,,,,,,,,,,,,,,,,,,,,,,,"LF",,15-03-31
572191,"Taylor, Michael","WAS","v nym",1,"F,0-2","H",1,3,1,,,,,,,,,,,,,,,,,1,,,,,,,,,,,,,,,,,,"CF",,15-03-31
621438,"T, Taylor","MIL","v cin",1,"F,4-10","H",,1,,,,,,,,,,,,,,,,,,1,,,,,,,,,,,,,,,,,,"CF",,15-03-31
514913,"Tejada, Ruben","NYM","@ was",1,"F,2-0","H",1,4,1,,,,,1,,,,1,,,,,,,,,,,,,,,,,,,,,,,,,,"2B",,15-03-31
642133,"Tellez","TOR","v phi",1,"F,10-6","H",,1,1,,,1,2,3,,,,,,,,,,,,,,,,,,,,,,,,,,,,,,"PR-1B",,15-03-31
502620,"M, Thomas","ARI","v tex",1,"F,8-7","H",1,3,1,1,,,,2,,,,1,,,,,,1,,3,,,,,,,,,,,,,,,,,,"C",,15-03-31
476270,"Tolleson, Steve","TOR","v phi",1,"F,10-6","H",,1,1,1,,,1,,,,,,,,,,,,,,,,,,,,,,,,,,,,,,,"RF-LF",,15-03-31
539603,"Toole","CLE","v sea",1,"F,8-6","H",,0,,,,,,,,,,,,,,,,1,,,,,,,,,,,,,,,,,,,,"3B",,15-03-31
581527,"Travis","TOR","v phi",1,"F,10-6","H",1,3,1,,,,,,,,,,,,,1,,,,3,,,,,,,,,,,,,,,,,,"2B",,15-03-31
545361,"Trout, Mike","LAA","v oak",1,"F,10-13","H",1,1,1,1,,,1,,1,,,,,,,,,,,,,,,,,,,,,,,,,,,,,"CF",,15-03-31
444432,"Trumbo, Mark","ARI","v tex",1,"F,8-7","H",1,5,3,1,,1,2,2,,,,,,,,,,,,2,,,,,,,,,,,,,,,,,,"RF",,15-03-31
657061,"Tucker","PIT","@ det",1,"F,7-3","H",,0,,,,,,,,,,,,,,,,,,,,,,,,,,,,,,,,,,,,"SS",,15-03-31
453064,"Tulowitzki, Troy","COL","@ sfo",1,"F,3-4","H",1,4,2,1,,,1,,,,,1,,,,,,,,2,,,,,,,,,,,,,,,,,,"SS",,15-03-31
607208,"Turner","SDG","v kan",1,"F,1-4","H",,1,,,,,,,,,,,,,,,,,,1,1,,,,,,,,,,,,,,,,,"PR-SS",,15-03-31
457759,"Turner, Justin","LAD","v chw",1,"F,1-2","H",,1,1,,,,,,,,,,,1,,,,,,,,,,,,,,,,,,,,,,,,"PH",,15-03-31
462564,"Uggla","WAS","v nym",1,"F,0-2","H",,1,1,,,,,,,,,,,,,,,,,,,,,,,,,,,,,,,,,,,"PH",,15-03-31
457708,"Upton, Justin","SDG","v kan",1,"F,1-4","H",1,2,,,,,,,1,,,2,,,,,,,,,,,,,,,,,,,,,,,,,,"LF",,15-03-31
346874,"Uribe, Juan","LAD","v chw",1,"F,1-2","H",1,2,,,,,,,,,,,,,,,,,,2,,,,,,,,,,,,,,,,,,"3B",,15-03-31
472528,"Valbuena, Luis","HOU","@ atl",1,"F,8-5","H",1,5,2,1,,,,1,,,,2,,1,,,,,,1,,,,,,,,,,,,,,,,,,"3B",,15-03-31
518170,"Valdespin","MIA","@ stl",1,"F,3-2","H",,0,,,,,,,,,,,,,,,,,,,,,,,,,,,,,,,,,,,,"RF",,15-03-31
475100,"Van, Scott","LAD","v chw",1,"F,1-2","H",,1,,,,,,,,,,,,,,,,,,,,,,,,,,,,,,,,,,,,"1B",,15-03-31
573627,"Vargas, Kennys","MIN","v nyy",1,"F,3-1","H",1,3,1,,,,,,,,,,,,,,,,,2,,,,,,,,,,,,,,,,,,"1B",,15-03-31
461416,"Venable, Will","SDG","v kan",1,"F,1-4","H",1,3,1,,,,,1,,,,2,,,,,,,,,,,,,,,,,,,,,,,,,,"CF",,15-03-31
595449,"B, Verlander","DET","v pit",1,"F,3-7","H",,1,,,,,,,,,,,,,,,,,,,,,,,,,,,,,,,,,,,,"RF",,15-03-31
622211,"Vertigan","OAK","@ laa",1,"F,13-10","H",,1,,,,,,,,,,,,,,,,,,1,,,,,,,,,,,,,,,,,,"LF",,15-03-31
592828,"Vettleson","WAS","v nym",1,"F,0-2","H",,0,,,,,,,1,,,,,,,,,,,,,,,,,,,,,,,,,,,,,"RF",,15-03-31
570799,"Villanueva, Christian","CHC","@ tex",1,"F,15-10","H",,0,,,,,,,,,,,,,,,,,,,,,,,,,,,,,,,,,,,,"3B",,15-03-31
542340,"Villar, Jonathan","HOU","@ atl",1,"F,8-5","H",1,4,1,1,,,1,1,,,,2,,,,,,,,3,,,,,,,,,,,,,,,,,,"LF",,15-03-31
458015,"Votto, Joey","CIN","@ mil",1,"F,10-4","H",1,3,,,,,,,1,,,1,,,,,,,,4,,,,,,,,,,,,,,,,,,"1B",,15-03-31
435522,"Walker, Neil","PIT","@ det",1,"F,7-3","H",1,3,,,,,,,,,,2,,,,1,,,,,,,,,,,,,,,,,,,,,,"2B",,15-03-31
608724,"Walker","MIN","v nyy",1,"F,3-1","H",1,3,1,1,,,1,,,,,,,,,,,,,1,,,,,,,,,,,,,,,,,,"DH",,15-03-31
595453,"Wallach","CIN","@ mil",1,"F,10-4","H",,1,,,,,,,,,,1,,,,,,,,2,,,,,,,,,,,,,,,,,,"C",,15-03-31
595023,"Walsh","OAK","@ laa",1,"F,13-10","H",,1,,,,,,,,,,,,,,,,,,2,,,,,,,,,,,,,,,,,,"PR-1B",,15-03-31
457789,"J, Weeks","BOS","@ tam",1,"F,11-8","H",1,5,1,,,,1,2,,,,1,,,,,,,,5,,,,,,,,,,,,,,,,,,"2B",,15-03-31
430001,"Weeks, Rickie","SEA","@ cle",1,"F,6-8","H",1,5,1,,,1,1,1,,,,1,,,,,,,,1,,,,,,,,,,,,,,,,,,"1B",,15-03-31
519425,"Williams","SFO","v col",1,"F,4-3","H",,0,,,,,,,,,,,,,,,,,,,,,,,,,,,,,,,,,,,,"C",,15-03-31
592863,"Williams, Mason","NYY","@ min",1,"F,1-3","H",,1,,,,,,,,,,,,,,,,,,2,1,,,,,,,,,,,,,,,,,"CF",,15-03-31
607109,"M, Williams","STL","v mia",1,"F,2-3","H",,1,,,,,,,,,,1,,,,,,,,,,,,,,,,,,,,,,,,,,"2B",,15-03-31
435064,"Bo, Wilson","TAM","@ bal",1,"F,4-3","H",1,4,,,,,,,,,,1,,,,,,,,2,,,,,,,,,,,,,,,,,,"C",,15-03-31
425543,"Jo, Wilson","DET","v pit",1,"F,3-7","H",,0,,,,,,,,,,,,,,,,,,,,,,,,,,,,,,,,,,,,"SS",,15-03-31
608385,"Winker","CIN","@ mil",1,"F,10-4","H",,2,,,,,1,,,,,2,,,,,,,,2,,,,,,,,,,,,,,,,,,"PR-LF",,15-03-31
543939,"Wong, Kolten","STL","v mia",1,"F,2-3","H",1,2,2,,,,,1,,,,,,1,,,,,,,,,,,,,,,,,,,,,,,,"2B",,15-03-31
502292,"Wong","COL","@ sfo",1,"F,3-4","H",,1,,,,,,,,,,,,,,,,,,,,,,,,,,,,,,,,,,,,"SS",,15-03-31
573262,"M, Yastrzemski","BAL","v tam",1,"F,3-4","H",,1,,,,,,,,,,,,,,,,,,,,,,,,,,,,,,,,,,,,"RF",,15-03-31
592885,"Yelich, Christian","MIA","@ stl",1,"F,3-2","H",1,4,1,,,,,,,,,1,,,,,,,,2,1,,,,,,,,,,,,,,,,,"LF",,15-03-31
458913,"Young Jr.","ATL","v hou",1,"F,5-8","H",1,5,2,1,,,1,,,,,,1,,,,,,,1,,,,,,,,,,,,,,,,,,"CF-LF",,15-03-31
455759,"Young, Chris","NYY","@ min",1,"F,1-3","H",1,3,1,,,,1,,,,,,,,,,,,,1,,,,,,,,,,,,,,,,,,"CF",,15-03-31
430321,"Young, Delmon","BAL","v tam",1,"F,3-4","H",1,3,1,,,,,,,,,2,,,,,,,,1,,,,,,,,,,,,,,,,,,"RF",,15-03-31
657145,"Zagunis","CHC","@ tex",1,"F,15-10","H",,0,,,,,1,1,,,,,,,,,1,,,,,,,,,,,,,,,,,,,,,"PR-RF",,15-03-31
475582,"Zimmerman, Ryan","WAS","v nym",1,"F,0-2","H",1,3,,,,,,,,,,1,,,,,,,,1,1,,,,,,,,,,,,,,,,,"1B",,15-03-31
572287,"Zunino, Mike","SEA","@ cle",1,"F,6-8","H",1,3,1,1,,,,1,1,,,2,,,,,,,,1,,,,,,,,,,,,,,,,,,"C",,15-03-31
518595,"d'Arnaud, Travis","NYM","@ was",1,"F,2-0","H",1,3,2,,,,,,,,,,,,,,,,,1,,,,,,,,,,,,,,,,,,"C",,15-03-31
544925,"den, Matt","WAS","v nym",1,"F,0-2","H",,1,1,,,,,,,,,,,,,,,,,,,,,,,,,,,,,,,,,,,"CF",,15-03-31
506693,"Alvarez, Henderson","MIA","@ stl",1,"F,3-2","P",1,1,,,,,,,,,,,,,,1,,,,1,,6.0,6,1,1,2,,1,,,,,,,,,,"P",,15-03-31
501625,"Alvarez, Jose","LAA","v oak",1,"F,10-13","P",1,,,,,,,,,,,,,,,,,,,,,2.0,1,0,0,0,,2,,,,,,,,,,"P",,15-03-31
502624,"Anderson, Chase","ARI","v tex",1,"F,8-7","P",1,1,,,,,,,,,,,,,,,,,,,,4.0,11,6,6,1,,2,,,1,,,,,,,"P",,15-03-31
136600,"B, Chen","CLE","v sea",1,"F,8-6","P",1,,,,,,,,,,,,,,,,,,,,,4.1,8,4,4,0,,5,,,2,,1,,,,,"P",,15-03-31
571666,"Fiers, Mike","MIL","v cin",1,"F,4-10","P",1,1,1,1,,,,,,,,,,,,,,,,,,5.0,3,3,3,4,,3,,,1,,,1,,,,"P",,15-03-31
592332,"Gausman, Kevin","BAL","v tam",1,"F,3-4","P",1,,,,,,,,,,,,,,,,,,,,,3.2,7,4,4,1,,0,,,1,,,1,,,,"P",,15-03-31
461829,"Gonzalez, Gio","WAS","v nym",1,"F,0-2","P",1,1,,,,,,,,,,1,,,,,,,,,,5.2,7,2,2,1,,6,,,1,,,1,,,,"P",,15-03-31
425386,"Guthrie, Jeremy","KAN","@ sdg",1,"F,4-1","P",1,,,,,,,,,,,,,,,,,,,,,6.0,6,1,1,1,,6,,1,,,1,,,,,"P",,15-03-31
433587,"Hernandez, Felix","SEA","@ cle",1,"F,6-8","P",1,,,,,,,,,,,,,,,,,,,,,1.2,5,7,7,2,,2,1,,1,,,1,,,,"P",,15-03-31
502706,"Holland, Derek","TEX","v chc",1,"F,10-15","P",1,,,,,,,,,,,,,,,,,,,,,5.1,6,5,4,2,,4,,,1,,,,,,,"P",,15-03-31
518852,"Jokisch, Eric","CHC","@ tex",1,"F,15-10","P",1,0,,,,,,,,,,,,,,1,,,,,,3.1,10,7,7,1,,2,,,,1,,,,,,"P",,15-03-31
453311,"Lincecum, Tim","SFO","v col",1,"F,4-3","P",1,2,,,,,,,,,,2,,,,,,,,4,,5.2,8,3,3,3,,3,,,1,,,,,,,"P",,15-03-31
547179,"Lorenzen","CIN","@ mil",1,"F,10-4","P",1,1,,,,,,,,,,,,,,1,,1,,,,4.0,4,1,1,2,,2,,,,,1,,,,,"P",,15-03-31
607259,"Martinez, Nick","TEX","@ ari",1,"F,7-8","P",1,2,1,1,,,1,,1,,,,,,,,,1,,3,,4.1,8,7,6,3,,2,,,2,,,,,,,"P",,15-03-31
554431,"Matzek, Tyler","COL","@ sfo",1,"F,3-4","P",1,2,1,,,,,,,,,1,,,,,,,,2,,4.0,4,2,2,2,,2,,,,,,,,,,"P",,15-03-31
461848,"Ji, Miller","TAM","v bos",1,"F,8-11","P",1,,,,,,,,,,,,,,,,,,,,,2.0,2,0,0,1,,0,,,,,,,,,,"P",,15-03-31
543548,"Milone, Tommy","MIN","v nyy",1,"F,3-1","P",1,,,,,,,,,,,,,,,,,,,,,6.0,4,1,1,2,,5,,,,,1,,,,,"P",,15-03-31
453344,"Morrow, Brandon","SDG","v kan",1,"F,1-4","P",1,1,,,,,,,,,,,,,,,,1,,2,,4.1,7,3,3,1,,4,,,,,,1,,,,"P",,15-03-31
465629,"Mujica, Edward","BOS","@ tam",1,"F,11-8","P",1,,,,,,,,,,,,,,,,,,,,,1.0,2,1,0,0,,1,,,,,,,,,,"P",,15-03-31
477003,"Niese, Jon","NYM","@ was",1,"F,2-0","P",1,1,,,,,,,,,,1,,,,1,,,,,,6.0,4,0,0,0,,3,,,,,1,,,,,"P",,15-03-31
457711,"O'Sullivan","PHI","@ tor",1,"F,6-10","P",1,,,,,,,,,,,,,,,,,1,,,,4.0,5,4,4,4,,2,,,2,1,,,,,,"P",,15-03-31
456034,"Price, David","DET","v pit",1,"F,3-7","P",1,,,,,,,,,,,,,,,,,,,,,6.0,8,7,7,0,,5,,,1,,,1,,,,"P",,15-03-31
607074,"Rodon","CHW","@ lad",1,"F,2-1","P",1,,,,,,,,,,,,,,,,,,,,,5.1,4,1,1,2,,2,1,,1,,1,,,,,"P",,15-03-31
434643,"W, Rodriguez","ATL","v hou",1,"F,5-8","P",1,1,,,,,,,,,,,,,,,,,,,,5.0,8,3,3,0,,8,,,1,,,,,,,"P",,15-03-31
592717,"Sanchez, Aaron","TOR","v phi",1,"F,10-6","P",1,,,,,,,,,,,,,,,,,,,,,4.1,6,5,5,6,,2,,,,,,,,,,"P",,15-03-31
547888,"Tanaka, Masahiro","NYY","@ min",1,"F,1-3","P",1,,,,,,,,,,,,,,,,,,,,,4.1,7,3,3,0,,1,,,1,,,1,,,,"P",,15-03-31
501870,"Teaford","TAM","@ bal",1,"F,4-3","P",1,,,,,,,,,,,,,,,,,,,,,3.2,3,0,0,0,,2,,,,,1,,,,,"P",,15-03-31
425794,"Wainwright, Adam","STL","v mia",1,"F,2-3","P",1,1,,,,,,,,,,,,,,1,,,,,,6.2,8,2,1,1,,2,,,,,,,,,,"P",,15-03-31
543921,"Wieland, Joe","LAD","v chw",1,"F,1-2","P",1,1,,,,,,,,,,,,,,,,,,2,,5.0,9,2,2,0,,1,,,,,,1,,,,"P",,15-03-31
592879,"Wojciechowski, Asher","HOU","@ atl",1,"F,8-5","P",1,,,,,,,,,,,,,,,,,,,,,4.1,5,4,1,1,,3,1,,,1,,,,,,"P",,15-03-31
474699,"Worley, Vance","PIT","@ det",1,"F,7-3","P",1,1,,,,,,,,,,,,,,,,,,,,3.0,3,1,1,2,,1,1,,,1,1,,,,,"P",,15-03-31
217096,"Zito","OAK","@ laa",1,"F,13-10","P",1,,,,,,,,,,,,,,,,,,,,,4.0,8,7,7,1,,2,1,,3,1,,,,,,"P",,15-03-31
430911,"Aardsma","LAD","v chw",1,"F,1-2","P",,0,,,,,,,,,,,,,,,,,,,,1.0,0,0,0,2,,0,,,,,,,,,,"P",,15-03-31
542866,"Adams, Austin","CLE","v sea",1,"F,8-6","P",,,,,,,,,,,,,,,,,,,,,,1.0,3,2,2,1,,1,,,,,,,,,,"P",,15-03-31
346793,"Affeldt, Jeremy","SFO","v col",1,"F,4-3","P",,0,,,,,,,,,,,,,,,,,,,,1.0,0,0,0,0,,1,,,,,1,,,,,"P",,15-03-31
592102,"Allen, Cody","CLE","v sea",1,"F,8-6","P",,,,,,,,,,,,,,,,,,,,,,1.0,0,0,0,1,,0,,,,,,,,,1,"P",,15-03-31
571439,"Alvarez, R.J.","OAK","@ laa",1,"F,13-10","P",,,,,,,,,,,,,,,,,,,,,,1.1,1,3,1,1,,2,,,,,,,,,1,"P",,15-03-31
446003,"J, Asencio","CHW","@ lad",1,"F,2-1","P",,,,,,,,,,,,,,,,,,,,,,2.0,1,0,0,0,,2,1,,,,,,1,,,"P",,15-03-31
501593,"Avilan, Luis","ATL","v hou",1,"F,5-8","P",,0,,,,,,,,,,,,,,,,,,,,1.2,2,2,0,1,,2,,,,,,,,,,"P",,15-03-31
488674,"Badenhop, Burke","CIN","@ mil",1,"F,10-4","P",,0,,,,,,,,,,,,,,,,,,,,1.0,3,2,2,0,,0,1,,,,,,,,,"P",,15-03-31
502578,"Barrett, Aaron","WAS","v nym",1,"F,0-2","P",,0,,,,,,,,,,,,,,,,,,,,1.0,0,0,0,0,,0,,,,,,,,,,"P",,15-03-31
455374,"Bastardo, Antonio","PIT","@ det",1,"F,7-3","P",,0,,,,,,,,,,,,,,,,,,,,1.0,0,0,0,0,,1,,,,,,,,,1,"P",,15-03-31
542924,"Beliveau, Jeff","TAM","v bos",1,"F,8-11","P",,,,,,,,,,,,,,,,,,,,,,1.1,3,2,1,0,,1,1,,,,,,,,,"P",,15-03-31
571479,"Bellatti","TAM","@ bal",1,"F,4-3","P",,,,,,,,,,,,,,,,,,,,,,2.0,4,2,2,0,,1,,,1,1,,,,,1,"P",,15-03-31
518452,"Bettis, Chad","COL","@ sfo",1,"F,3-4","P",,1,,,,,,,1,,,1,,,,,,,,,,4.0,4,2,2,2,,3,,,,,,1,,1,,"P",,15-03-31
613317,"Bird","TAM","v bos",1,"F,8-11","P",,,,,,,,,,,,,,,,,,,,,,1.0,3,0,0,0,,1,,,,,,,,,,"P",,15-03-31
460283,"Blevins, Jerry","NYM","@ was",1,"F,2-0","P",,0,,,,,,,,,,,,,,,,,,,,0.1,0,0,0,0,,1,,,,,,,,,1,"P",,15-03-31
542960,"Brach, Brad","BAL","v tam",1,"F,3-4","P",,,,,,,,,,,,,,,,,,,,,,2.0,1,0,0,0,,1,,,,6,,,,,,"P",,15-03-31
518493,"Britton, Drake","CHC","@ tex",1,"F,15-10","P",,0,,,,,,,,,,,,,,,,,,,,1.0,3,2,2,0,,1,,,,,,,,,,"P",,15-03-31
499107,"Bueno","CHC","@ tex",1,"F,15-10","P",,1,,,,,,1,,,,,,,,,,,,2,,1.1,2,1,1,0,,3,,,1,,1,,,,,"P",,15-03-31
592181,"Burawa, Danny","NYY","@ min",1,"F,1-3","P",,,,,,,,,,,,,,,,,,,,,,1.0,1,0,0,0,,0,,,,,,,,,,"P",,15-03-31
502239,"Cahill, Trevor","ARI","v tex",1,"F,8-7","P",,1,,,,,,,,,,1,,,,,,,,1,,2.0,1,0,0,1,,5,,,,,,,,,,"P",,15-03-31
433586,"Casilla, Santiago","SFO","v col",1,"F,4-3","P",,0,,,,,,,,,,,,,,,,,,,,1.0,1,0,0,0,,1,,,,,,,1,,,"P",,15-03-31
612434,"M, Castro","TOR","v phi",1,"F,10-6","P",,,,,,,,,,,,,,,,,,,,,,1.0,0,0,0,0,,1,,,,,,,,,1,"P",,15-03-31
592208,"Cates","CHC","@ tex",1,"F,15-10","P",,0,,,,,,,,,,,,,,,,,,,,0.2,0,0,0,2,,0,,,,,,,,,,"P",,15-03-31
446399,"Cecil, Brett","TOR","v phi",1,"F,10-6","P",,,,,,,,,,,,,,,,,,,,,,1.0,1,0,0,0,,1,,,,4,,,,,,"P",,15-03-31
547973,"Chapman, Aroldis","CIN","@ mil",1,"F,10-4","P",,0,,,,,,,,,,,,,,,,,,,,0.1,0,0,0,0,,0,,,,,,,,,1,"P",,15-03-31
502087,"Chapman, Kevin","HOU","@ atl",1,"F,8-5","P",,,,,,,,,,,,,,,,,,,,,,0.2,2,1,1,0,,1,1,,,,1,,,,,"P",,15-03-31
571561,"Cingrani, Tony","CIN","@ mil",1,"F,10-4","P",,0,,,,,,,,,,,,,,,,,,,,2.0,2,1,1,0,,1,,,,,,,,,,"P",,15-03-31
518553,"Cishek, Steve","MIA","@ stl",1,"F,3-2","P",,0,,,,,,,,,,,,,,,,,,,,1.0,0,0,0,0,,1,,,,,1,,,,,"P",,15-03-31
605190,"Cooper","TAM","v bos",1,"F,8-11","P",,,,,,,,,,,,,,,,,,,,,,0.0,3,5,5,2,,0,,,,,,,,,,"P",,15-03-31
425840,"Cotts, Neal","MIL","v cin",1,"F,4-10","P",,0,,,,,,,,,,,,,,,,,,,,0.1,5,5,5,0,,0,1,,,,,,,,,"P",,15-03-31
592228,"Couch","BOS","@ tam",1,"F,11-8","P",,,,,,,,,,,,,,,,,,,,,,4.0,7,4,3,0,,2,,1,1,,1,,,,,"P",,15-03-31
594792,"Cunniff, Brandon","ATL","v hou",1,"F,5-8","P",,0,,,,,,,,,,,,,,,,,,,,1.0,3,3,3,2,,2,,,1,,,1,,1,,"P",,15-03-31
465679,"Deduno, Samuel","HOU","@ atl",1,"F,8-5","P",,,,,,,,,,,,,,,,,,,,,,3.0,2,0,0,0,,2,,,,1,,,,,1,"P",,15-03-31
471822,"Diaz, Jumbo","CIN","@ mil",1,"F,10-4","P",,0,,,,,,,,,,,,,,,,,,,,1.0,0,0,0,0,,3,,,,,,,,,,"P",,15-03-31
457422,"Dillard","MIL","v cin",1,"F,4-10","P",,0,,,,,,,,,,,,,,,,,,,,1.0,1,1,1,1,,2,1,,,,,,,,,"P",,15-03-31
475138,"Drabek, Kyle","CHW","@ lad",1,"F,2-1","P",,,,,,,,,,,,,,,,,,,,,,1.1,2,0,0,0,,0,,,,,,,,,1,"P",,15-03-31
435043,"Duke, Zach","CHW","@ lad",1,"F,2-1","P",,,,,,,,,,,,,,,,,,,,,,0.1,0,0,0,0,,0,,,,,,,,,1,"P",,15-03-31
445197,"Dunn, Mike","MIA","@ stl",1,"F,3-2","P",,0,,,,,,,,,,,,,,,,,,,,0.1,1,1,1,1,,0,,,,,,,,,1,"P",,15-03-31
473879,"Dyson, Sam","MIA","@ stl",1,"F,3-2","P",,0,,,,,,,,,,,,,,,,,,,,1.0,0,0,0,0,,1,,,,,,,1,,,"P",,15-03-31
457754,"Edwards, Jon","TEX","v chc",1,"F,10-15","P",,,,,,,,,,,,,,,,,,,,,,1.2,2,2,2,2,,1,,,1,,,,,,,"P",,15-03-31
543144,"Farquhar, Danny","SEA","@ cle",1,"F,6-8","P",,,,,,,,,,,,,,,,,,,,,,1.1,2,1,1,1,,1,1,,,,,,,,,"P",,15-03-31
621399,"Feigl","ATL","v hou",1,"F,5-8","P",,0,,,,,,,,,,,,,,,,,,,,0.1,0,0,0,0,,1,,,,,,,,,,"P",,15-03-31
491703,"Feliz, Neftali","TEX","v chc",1,"F,10-15","P",,,,,,,,,,,,,,,,,,,,,,0.2,0,0,0,0,,1,,,,,,,,,1,"P",,15-03-31
502272,"Fien, Casey","MIN","v nyy",1,"F,3-1","P",,,,,,,,,,,,,,,,,,,,,,1.0,1,0,0,1,,1,,,,,,,1,,,"P",,15-03-31
643316,"Fry","SEA","@ cle",1,"F,6-8","P",,,,,,,,,,,,,,,,,,,,,,1.1,1,0,0,1,,0,,,,,,,,,,"P",,15-03-31
493117,"Fujikawa, Kyuji","TEX","v chc",1,"F,10-15","P",,,,,,,,,,,,,,,,,,,,,,0.1,3,5,4,1,,1,,,,,,1,,1,,"P",,15-03-31
543188,"Fuller","OAK","@ laa",1,"F,13-10","P",,,,,,,,,,,,,,,,,,,,,,0.1,0,0,0,0,,1,,,,,1,,,,,"P",,15-03-31
571057,"Garces, Frank","SDG","v kan",1,"F,1-4","P",,0,,,,,,,,,,,,,,,,,,,,0.2,0,0,0,0,,1,,,,,,,,,,"P",,15-03-31
592329,"Garcia, Jason","BAL","v tam",1,"F,3-4","P",,,,,,,,,,,,,,,,,,,,,,2.1,0,0,0,1,,2,,,,,,,,,,"P",,15-03-31
472610,"Garcia, Luis","PHI","@ tor",1,"F,6-10","P",,,,,,,,,,,,,,,,,,,,,,2.0,3,2,1,0,,2,,,1,,,1,,1,,"P",,15-03-31
554340,"Garcia, Yimi","LAD","v chw",1,"F,1-2","P",,0,,,,,,,,,,,,,,,,,,,,1.0,0,0,0,0,,3,,,,,,,,,,"P",,15-03-31
571704,"Giles, Ken","PHI","@ tor",1,"F,6-10","P",,,,,,,,,,,,,,,,,,,,,,0.1,0,1,1,1,,0,,,,2,,,,,,"P",,15-03-31
543219,"Gilmartin, Sean","NYM","@ was",1,"F,2-0","P",,0,,,,,,,,,,,,,,,,,,,,2.0,1,0,0,1,,1,,,,,,,1,,,"P",,15-03-31
460156,"B, Gomes","TAM","v bos",1,"F,8-11","P",,,,,,,,,,,,,,,,,,,,,,2.2,0,0,0,1,,1,,,,,,,,,,"P",,15-03-31
622224,"Harlan","PIT","@ det",1,"F,7-3","P",,0,,,,,,,,,,,,,,,,,,,,2.0,2,2,2,1,,1,,,1,,,,,,,"P",,15-03-31
518771,"M, Harris","STL","v mia",1,"F,2-3","P",,0,,,,,,,,,,,,,,,,,,,,1.0,0,0,0,0,,1,,,,,,,,,,"P",,15-03-31
571751,"Harrison","TAM","v bos",1,"F,8-11","P",,,,,,,,,,,,,,,,,,,,,,2.0,1,0,0,0,,1,,,,,,,,,,"P",,15-03-31
521230,"Hendriks, Liam","TOR","v phi",1,"F,10-6","P",,,,,,,,,,,,,,,,,,,,,,1.0,1,1,1,0,,0,,,1,4,,,,,1,"P",,15-03-31
516969,"Herrera, Kelvin","KAN","@ sdg",1,"F,4-1","P",,,,,,,,,,,,,,,,,,,,,,1.0,1,0,0,0,,0,,,,,,,,,1,"P",,15-03-31
448179,"R, Hill","WAS","v nym",1,"F,0-2","P",,0,,,,,,,,,,,,,,,,,,,,1.0,0,0,0,0,,2,,,,,,,,,,"P",,15-03-31
518813,"Holland, Greg","KAN","@ sdg",1,"F,4-1","P",,,,,,,,,,,,,,,,,,,,,,1.0,0,0,0,0,,2,,,,,,,,,1,"P",,15-03-31
624586,"Hoyt","HOU","@ atl",1,"F,8-5","P",,,,,,,,,,,,,,,,,,,,,,1.0,0,0,0,2,,2,,,,,,,1,,,"P",,15-03-31
488984,"Hunter, Tommy","BAL","v tam",1,"F,3-4","P",,,,,,,,,,,,,,,,,,,,,,1.0,0,0,0,1,,0,,,,,,,,,,"P",,15-03-31
658302,"Kaminska","TEX","v chc",1,"F,10-15","P",,,,,,,,,,,,,,,,,,,,,,0.2,3,3,3,1,,0,,,,,,,,,,"P",,15-03-31
605309,"Kela","TEX","@ ari",1,"F,7-8","P",,0,,,,,,,,,,,,,,,,,,,,1.0,1,0,0,0,,1,,,,,,,,,,"P",,15-03-31
518886,"Kimbrel, Craig","ATL","v hou",1,"F,5-8","P",,1,,,,,,,,,,,,,,,,,,,,1.0,0,0,0,0,,2,,,,,,,,,,"P",,15-03-31
607309,"Klein, Phil","TEX","@ ari",1,"F,7-8","P",,0,,,,,,,,,,,,,,,,,,,,1.0,1,0,0,1,,0,,,,,,,,,,"P",,15-03-31
502004,"Kontos, George","SFO","v col",1,"F,4-3","P",,0,,,,,,,,,,,,,,,,,,,,1.0,1,0,0,0,,0,,,,,,,,,,"P",,15-03-31
571871,"Krol, Ian","DET","v pit",1,"F,3-7","P",,,,,,,,,,,,,,,,,,,,,,1.0,0,0,0,0,,2,,,,,,,,,,"P",,15-03-31
621208,"Kuchno","PIT","@ det",1,"F,7-3","P",,1,,,,,,,,,,1,,,,,,,,,,3.0,0,0,0,0,,1,,,,,,,,,1,"P",,15-03-31
518927,"Layne, Tommy","BOS","@ tam",1,"F,11-8","P",,,,,,,,,,,,,,,,,,,,,,1.0,1,0,0,0,,2,,,,1,,,,,,"P",,15-03-31
643415,"Loconsole","LAA","v oak",1,"F,10-13","P",,,,,,,,,,,,,,,,,,,,,,0.2,1,2,2,1,,0,,,,,,1,,,,"P",,15-03-31
425492,"Madson","KAN","@ sdg",1,"F,4-1","P",,,,,,,,,,,,,,,,,,,,,,1.0,1,0,0,0,,1,,,,,,,1,,,"P",,15-03-31
657670,"Mahle","LAA","v oak",1,"F,10-13","P",,,,,,,,,,,,,,,,,,,,,,0.2,2,0,0,0,,0,,,,,,,,,,"P",,15-03-31
595307,"Maness, Seth","STL","v mia",1,"F,2-3","P",,0,,,,,,,,,,,,,,,,,,,,0.1,0,0,0,0,,0,,,,,,,,,,"P",,15-03-31
453249,"Manship","CLE","v sea",1,"F,8-6","P",,,,,,,,,,,,,,,,,,,,,,1.0,0,0,0,0,,1,,,,,,,1,,,"P",,15-03-31
455119,"Martin, Chris","NYY","@ min",1,"F,1-3","P",,,,,,,,,,,,,,,,,,,,,,2.0,0,0,0,0,,3,,,,,,,,,,"P",,15-03-31
456496,"Mateo","SDG","v kan",1,"F,1-4","P",,0,,,,,,,,,,,,,,,,,,,,1.0,2,1,1,0,,1,,1,,1,,,,,,"P",,15-03-31
458919,"Mattheus","LAA","v oak",1,"F,10-13","P",,0,,,,,,,,,,,,,,,,,,,,1.0,2,1,1,0,,1,,,,,,,,,,"P",,15-03-31
658130,"McCain","TEX","v chc",1,"F,10-15","P",,,,,,,,,,,,,,,,,,,,,,0.1,0,0,0,0,,0,,,,,,,,,,"P",,15-03-31
542669,"Mendez, Roman","TEX","@ ari",1,"F,7-8","P",,0,,,,,,,,,,,,,,,,,,,,1.0,0,0,0,0,,2,,,,,,,,,,"P",,15-03-31
543557,"Montgomery, Mike","TAM","@ bal",1,"F,4-3","P",,,,,,,,,,,,,,,,,,,,,,2.1,4,1,1,0,,3,,,,,,,,,,"P",,15-03-31
504379,"Nicasio, Juan","LAD","v chw",1,"F,1-2","P",,0,,,,,,,,,,,,,,,,,,,,1.0,1,0,0,0,,1,,,,,,,,,,"P",,15-03-31
622217,"O'Grady","LAA","v oak",1,"F,10-13","P",,,,,,,,,,,,,,,,,,,,,,0.2,1,0,0,0,,1,,,,,,,,,,"P",,15-03-31
501989,"Oliver, Andy","PHI","@ tor",1,"F,6-10","P",,,,,,,,,,,,,,,,,,,,,,1.0,0,1,1,3,,2,,,,,,,,,,"P",,15-03-31
621397,"Olson","SEA","@ cle",1,"F,6-8","P",,,,,,,,,,,,,,,,,,,,,,2.0,1,0,0,0,,2,1,,,,,,,,,"P",,15-03-31
532077,"Osuna","TOR","v phi",1,"F,10-6","P",,,,,,,,,,,,,,,,,,,,,,1.0,0,0,0,0,,3,,,,3,1,,,,,"P",,15-03-31
606203,"Paredes","ARI","v tex",1,"F,8-7","P",,0,,,,,,,,,,,,,,,,,,,,2.0,1,1,1,1,,2,1,,,,,,,1,,"P",,15-03-31
453284,"Parker, Blake","CHC","@ tex",1,"F,15-10","P",,0,,,,,,,,,,,,,,,,,,,,1.0,1,0,0,0,,0,,,,,,,,,,"P",,15-03-31
460059,"Pelfrey, Mike","MIN","v nyy",1,"F,3-1","P",,,,,,,,,,,,,,,,,,,,,,1.0,2,0,0,0,,0,,,,,,,,,1,"P",,15-03-31
516414,"A, Pena","MIL","v cin",1,"F,4-10","P",,0,,,,,,,,,,,,,,,,,,,,1.2,1,0,0,0,,2,,,,,,,,,,"P",,15-03-31
450282,"Perkins, Glen","MIN","v nyy",1,"F,3-1","P",,,,,,,,,,,,,,,,,,,,,,1.0,0,0,0,0,,1,,,,,,,,,1,"P",,15-03-31
572038,"Pinder, Branden","NYY","@ min",1,"F,1-3","P",,,,,,,,,,,,,,,,,,,,,,0.2,0,0,0,0,,0,,,,,,,,,,"P",,15-03-31
514919,"Je, Pirela","TEX","@ ari",1,"F,7-8","P",,0,,,,,,,,,,,,,,,,,,,,0.2,1,0,0,0,,1,,,,,,,,1,,"P",,15-03-31
573109,"Ramos, A.J.","MIA","@ stl",1,"F,3-2","P",,0,,,,,,,,,,,,,,,,,,,,0.2,1,0,0,1,,0,,,,,,,,1,,"P",,15-03-31
449060,"Rapada","SFO","v col",1,"F,4-3","P",,0,,,,,,,,,,,,,,,,,,,,0.1,0,0,0,0,,1,,,,,,,,,,"P",,15-03-31
595371,"Rearick","SDG","v kan",1,"F,1-4","P",,0,,,,,,,,,,,,,,,,,,,,1.0,2,0,0,0,,1,,,,,,,,,,"P",,15-03-31
621307,"Reavis","TAM","v bos",1,"F,8-11","P",,,,,,,,,,,,,,,,,,,,,,0.0,2,4,4,1,,0,,,,,,1,,1,,"P",,15-03-31
592665,"Reed, Addison","ARI","v tex",1,"F,8-7","P",,0,,,,,,,,,,,,,,,,,,,,1.0,0,0,0,0,,2,,,,,1,,,,,"P",,15-03-31
553878,"Rivero, Felipe","WAS","v nym",1,"F,0-2","P",,0,,,,,,,,,,,,,,,,,,,,1.0,1,0,0,0,,1,,,,,,,,,,"P",,15-03-31
451775,"Fe, Rodriguez","OAK","@ laa",1,"F,13-10","P",,,,,,,,,,,,,,,,,,,,,,1.0,0,0,0,1,,1,,,,,,,1,,,"P",,15-03-31
572090,"Ch, Rogers","CIN","@ mil",1,"F,10-4","P",,0,,,,,,,,,,,,,,,,,,,,0.2,0,0,0,0,,1,,,,,,,,,1,"P",,15-03-31
541652,"Rondon, Bruce","DET","v pit",1,"F,3-7","P",,,,,,,,,,,,,,,,,,,,,,1.0,0,0,0,0,,3,,,,,,,,,,"P",,15-03-31
444468,"Rondon, Hector","CHC","@ tex",1,"F,15-10","P",,0,,,,,,,,,,,,,,,,,,,,0.2,0,0,0,0,,1,,,,,,,,,,"P",,15-03-31
519246,"A, Santiago","CHC","@ tex",1,"F,15-10","P",,0,,,,,,,,,,,,,,,,,,,,0.2,0,0,0,0,,0,,,,,,,,,,"P",,15-03-31
435045,"S, Santos","LAD","v chw",1,"F,1-2","P",,0,,,,,,,,,,,,,,,,,,,,1.0,0,0,0,0,,1,,,,,,,,,,"P",,15-03-31
572395,"B, Schreiber","TAM","@ bal",1,"F,4-3","P",,,,,,,,,,,,,,,,,,,,,,1.0,0,0,0,0,,0,,,,,,,1,,,"P",,15-03-31
543766,"Shaw, Bryan","CLE","v sea",1,"F,8-6","P",,,,,,,,,,,,,,,,,,,,,,0.2,0,0,0,0,,1,,,,,,,,,1,"P",,15-03-31
543779,"Siegrist, Kevin","STL","v mia",1,"F,2-3","P",,0,,,,,,,,,,,,,,,,,,,,1.0,2,1,1,2,,1,,,,,,1,,,,"P",,15-03-31
607724,"Sikula","TOR","v phi",1,"F,10-6","P",,,,,,,,,,,,,,,,,,,,,,0.2,0,0,0,1,,0,,,,3,,,,,,"P",,15-03-31
501925,"Smith, Joe","LAA","v oak",1,"F,10-13","P",,,,,,,,,,,,,,,,,,,,,,0.1,4,4,4,0,,1,,,,,,,,,,"P",,15-03-31
519293,"Smith, Will","MIL","v cin",1,"F,4-10","P",,0,,,,,,,,,,,,,,,,,,,,1.0,3,1,1,0,,2,,,,,,,,,,"P",,15-03-31
465657,"Soria, Joakim","DET","v pit",1,"F,3-7","P",,,,,,,,,,,,,,,,,,,,,,1.0,1,0,0,0,,2,,,,,,,,,,"P",,15-03-31
543819,"Z, Stewart","LAA","v oak",1,"F,10-13","P",,,,,,,,,,,,,,,,,,,,,,2.2,4,2,2,1,,1,,,,,,,,,,"P",,15-03-31
434718,"Street, Huston","LAA","v oak",1,"F,10-13","P",,,,,,,,,,,,,,,,,,,,,,1.0,3,4,4,1,,0,,,2,,,,,,,"P",,15-03-31
467008,"Strop, Pedro","CHC","@ tex",1,"F,15-10","P",,0,,,,,,,,,,,,,,,,,,,,0.1,0,0,0,1,,1,,,,,,,,,,"P",,15-03-31
461872,"Swarzak","CLE","v sea",1,"F,8-6","P",,,,,,,,,,,,,,,,,,,,,,1.0,0,0,0,0,,1,,,,,,,,,1,"P",,15-03-31
547749,"Tazawa, Junichi","BOS","@ tam",1,"F,11-8","P",,,,,,,,,,,,,,,,,,,,,,1.0,2,3,3,0,,2,,,1,,,,,,,"P",,15-03-31
407819,"Thornton, Matt","WAS","v nym",1,"F,0-2","P",,0,,,,,,,,,,,,,,,,,,,,0.1,0,0,0,0,,1,,,,,,,,,,"P",,15-03-31
543856,"Thornton","NYM","@ was",1,"F,2-0","P",,0,,,,,,,,,,,,,,,,,,,,0.2,1,0,0,1,,1,,,,,,,,,1,"P",,15-03-31
407878,"Valverde","SDG","v kan",1,"F,1-4","P",,0,,,,,,,,,,,,,,,,,,,,1.0,0,0,0,0,,0,,,,,,,,,,"P",,15-03-31
460008,"Varvaro, Anthony","BOS","@ tam",1,"F,11-8","P",,,,,,,,,,,,,,,,,,,,,,2.0,1,0,0,1,,3,1,,,1,,,,,,"P",,15-03-31
519381,"Venditte","OAK","@ laa",1,"F,13-10","P",,,,,,,,,,,,,,,,,,,,,,1.0,0,0,0,0,,1,,,,,,,,,1,"P",,15-03-31
489400,"R, Verdugo","OAK","@ laa",1,"F,13-10","P",,,,,,,,,,,,,,,,,,,,,,0.1,0,0,0,3,,0,,,,,,,,1,,"P",,15-03-31
543883,"Vincent, Nick","SDG","v kan",1,"F,1-4","P",,0,,,,,,,,,,,,,,,,,,,,1.0,0,0,0,0,,1,,,,,,,,,,"P",,15-03-31
592833,"Wahl","OAK","@ laa",1,"F,13-10","P",,,,,,,,,,,,,,,,,,,,,,1.0,0,0,0,1,,0,,,,,,,,,1,"P",,15-03-31
502208,"P, Walters","PHI","@ tor",1,"F,6-10","P",,,,,,,,,,,,,,,,,,,,,,0.2,2,2,2,1,,1,,,1,,,,,,,"P",,15-03-31
452666,"Wilhelmsen, Tom","SEA","@ cle",1,"F,6-8","P",,,,,,,,,,,,,,,,,,,,,,1.2,2,0,0,1,,2,,,,,,,,,,"P",,15-03-31
448693,"Wolf","TEX","@ ari",1,"F,7-8","P",,0,,,,,,,,,,,,,,,,,,,,0.1,3,1,1,1,1,0,,,,,,1,,,,"P",,15-03-31